lemma_id	lemma	total_frequency_sn_sum	total_frequency_sn_sum_rank	total_subtlex_frequency	lemma_subtlex_pos_count	surface_form_count	nkjp_frequency	nkjp_frequency_rank
1	w	9743937	1	1813339	1	2	7794170	1
2	być	8665887.959520880984240492951	2	3697857	1	64	360228	45
3	nie	7560993.106545714782598419497	3	3831327	2	2	3729478	6
4	się	7356726	4	2550653	2	4	4333320	3
5	i	6835865	5	1460952	1	1	5374966	2
6	to	6562043.075723068774997947524	6	3291810	4	4	2418741	8
7	z	6210501.000000000000000000001	7	1569631	2	2	4192834	5
8	na	5774047	8	1509617	1	1	4264460	4
9	on	4601819.950587458795212579792	9	1821067	1	19	179727	86
10	do	3969947	10	1051055	1	1	2918786	7
11	że	3514592	11	1295581	1	1	2219018	9
12	ten	3058592.778101205537413762207	12	1063135	1	13	333930	49
13	mieć	2754649.061817061487817007787	13	1355534	1	59	75394	238
14	ja	2570378.621713088898254217591	14	1686809	1	5	284033	59
15	o	2559284	15	797653	1	1	1761659	11
16	co	2401082.497718353948361941922	16	1455141	4	4	797650	18
17	a	2180031	17	694919	1	1	1485208	12
18	który	2135502	18	355057	1	11	362067	44
19	jak	1808402.364029449573448638542	19	780968	2	4	1027320	13
20	tak	1690419	20	1005753	2	1	684710	21
21	ty	1645180.735598185055424731492	21	1377532	1	6	63701	288
22	ale	1544840	22	649556	1	1	895287	16
23	móc	1498974.667865899632512274328	23	790647	1	50	5949	4241
24	po	1352057	24	353255	1	1	998083	14
25	za	1335027	25	467286	3	2	869175	17
26	od	1200099	26	269222	1	2	923275	15
27	pan	1179797.373497437862171351947	27	519592	1	11	302604	51
28	chcieć	1098309.236949579845082194601	28	673238	1	71	2132	11540
29	rok	1052056.63260530421216848674	29	165482	1	12	71422	257
30	czy	1035392	30	380010	3	3	654846	23
31	wiedzieć	1015042.266539226074664705329	31	699924	1	54	20096	1092
32	mój	981571.1527644735586092129242	32	664351	1	20	50713	377
33	dla	963614	33	294916	1	1	668702	22
34	przez	961477	34	177135	1	2	778181	19
35	już	935946	35	313393	1	1	622554	24
36	tylko	922000.6550079622888337523769	36	362305	2	1	559748	25
37	taki	898780.912694081642857302408	37	279442	1	11	95662	185
38	bardzo	844411	38	253785	1	3	388014	37
39	swój	829404	39	230089	1	20	49834	393
40	mówić	820013.9476331219478581335522	40	349635	1	66	32855	646
41	my	786368	41	370205	1	4	63420	289
42	musieć	771602.0863863984096249231088	42	452355	1	39	170	83203
43	powiedzieć	703628.5006785412894872686725	43	412750	1	52	73809	248
44	jeden	654187.2370019386739133637992	44	189312	1	12	117349	148
45	człowiek	635362.9199091853637862795121	45	238205	1	11	59175	307
46	sam	626683	46	213290	2	16	111817	156
47	inny	592231	47	136484	1	11	35915	572
48	wszystko	582531.7579538314118183795885	48	289016	1	4	175396	88
49	tu	579494	49	367989	1	1	211412	74
50	czas	573171.1166342975061914515786	50	191035	2	10	117846	147
51	dobrze	560862.7283164978141179630265	51	348957	1	3	125301	134
52	nasz	556176.5173788024012510719871	52	188376	1	11	41951	472
53	wszystek	547716.4642683908104038426337	53	199501	1	19	202	74215
54	by	546430	54	239015	2	5	272496	61
55	jeszcze	542130	55	177103	1	1	365022	43
56	dobry	541106.3198092295291193658897	56	268474	1	33	31479	680
57	raz	516968.8311351351351351351351	57	189616	1	10	130704	123
58	może	514643.3321341003674877256725	58	208966	1	1	492791	29
59	dzień	512377.9962406015037593984962	59	152501	1	10	78076	232
60	coś	509318.8554216867469879518072	60	322331	1	4	147693	104
61	więc	501576	61	248962	1	1	252616	65
62	sprawa	481851	62	103181	1	9	52385	361
63	teraz	465744	63	264378	1	1	201368	80
64	twój	464921	64	395012	1	20	12635	1813
65	pierwszy	454425	65	93124	1	11	90959	193
66	nic	448989.3225674760223909865583	66	257195	1	4	150690	103
67	ony	448881	67	201823	1	9	45	187831
68	dwa	447765	68	120045	1	13	129494	125
69	kiedy	446469.3851830377144664364968	69	205444	2	5	228381	69
70	przed	446412	70	79792	1	2	292001	57
71	praca	445987	71	84088	1	10	25335	852
72	kto	438866.9823184539504296305488	72	240276	1	4	152453	101
73	nowy	437325.3805309734513274336283	73	100366	1	32	49056	399
74	tam	434217	74	227966	2	3	206250	76
75	wielki	429836	75	98752	1	33	23994	907
76	oraz	426930	76	10384	1	1	416562	32
77	jaki	426030.1239750663734889849414	77	143451	1	11	56781	323
78	żeby	425459	78	221677	1	5	182908	85
79	prosić	421645.8468844253329123292963	79	252034	1	57	5225	4844
80	przy	414884	80	68809	1	1	346078	47
81	cały	412816.3033419023136246786632	81	138925	1	11	69038	263
82	jednak	412647	82	28486	1	1	384154	40
83	nawet	396759	83	117981	1	1	278763	60
84	pani	396386.6265025621378286480533	84	191370	1	7	169631	91
85	myśleć	389816.090871511931832716928	85	261612	1	53	10811	2184
86	gdzie	389410.2479250143102461362335	86	213707	1	4	168781	92
87	robić	386503.9261217579163050191878	87	262523	1	64	29816	723
88	miejsce	383662	88	105934	1	8	110205	158
89	widzieć	381378.175677693894312244775	89	236538	1	67	6815	3651
90	stać	371399.0527363383964261600932	90	158548	1	58	28852	751
91	polski	370735.2374506964131640576852	91	1947	1	12	123383	139
92	każdy	362061	92	102272	1	10	89278	198
93	pod	359394	93	60262	1	2	298695	54
94	osoba	359226	94	42592	1	10	29597	730
95	gdy	353659.3965517241379310344828	95	105703	2	2	247827	66
96	żyć	353011.7857408911711576389522	96	150090	1	58	17542	1261
97	dziecko	351698.585356777374639501349	97	115185	1	8	37943	536
98	powinien	350953	98	162670	1	14	50324	385
99	można	348325	99	47847	1	1	300453	53
100	dom	342517.2758620689655172413793	100	153826	1	9	35245	585
101	jakiś	339172	101	141330	1	11	52222	365
102	lub	327892	102	30064	1	1	297855	55
103	bez	324700.7025802639353949182588	103	99224	2	9	224151	70
104	drugi	314892	104	56321	1	11	49306	396
105	wiele	312423	105	72309	1	3	126532	131
106	iść	309716.662794670310898530919	106	208421	1	45	15133	1468
107	jako	306141	107	53415	1	1	252721	64
108	strona	284360	108	50575	1	10	15101	1474
109	dać	276389.9027036343841801383429	109	209019	1	50	19164	1147
110	ktoś	275759.5	110	151842	1	8	86010	205
111	kilka	269700	111	61095	2	9	127729	129
112	właśnie	268100	112	108817	1	1	159277	98
113	prawo	263853.593566912587710864689	113	40911	2	9	78397	230
114	miasto	254452.4825586015097338100914	114	44552	1	9	37364	548
115	dlaczego	254256	115	170914	1	1	83370	215
116	niż	254248.4285714285714285714286	116	70045	2	3	183890	83
117	koniec	252814	117	80571	1	9	55186	334
118	świat	252489	118	69542	1	10	46868	422
119	nad	252435	119	47151	1	2	201794	79
120	chodzić	251889.9555745537700620623357	120	212730	1	51	7883	3113
121	sposób	249236.583174510639252001166	121	52559	2	10	154860	100
122	ustawa	247061.6609257265877287405813	122	1729	1	9	37584	542
123	również	246635	123	23162	1	1	223473	71
124	wysoki	240435	124	24728	1	33	21210	1032
125	pewny	237388	125	86758	1	28	4372	5805
126	mały	235931	126	87887	1	33	15694	1416
127	stary	230945.2587458425740988140956	127	85096	1	33	18933	1166
128	rzecz	230811.6047660204963575750093	128	101810	1	6	58200	316
129	żaden	230712	129	83664	1	11	21598	1016
130	znać	229658.7110137802276900082872	130	116012	1	75	7425	3351
131	u	229464	131	66644	1	1	162838	96
132	zawsze	228348	132	103927	1	1	124417	137
133	nigdy	228249	133	143381	1	1	84871	212
134	chwila	227274	134	72691	1	10	8421	2884
135	wy	226664	135	173782	2	5	11656	1998
136	prawda	220394	136	140152	1	9	42506	467
137	albo	219624	137	81725	1	1	137902	114
138	ostatni	219457	138	62262	1	10	26109	830
139	chyba	218153	139	117351	1	1	100804	175
140	szkoła	218133	140	38190	1	10	19079	1156
141	trzeba	215325	141	47412	1	1	167912	93
142	prosty	212977	142	98683	1	32	6139	4094
143	trzy	212413	143	56544	1	9	89567	196
144	problem	211382	144	67180	1	10	49709	394
145	nikt	211001	145	100085	1	4	78470	229
146	życie	207720.4579553875104357878908	146	69642	1	7	109339	159
147	droga	205694.9694850937147395438766	147	58258	1	9	20966	1044
148	naprawdę	205195	148	139801	1	1	65379	278
150	kobieta	201607	150	75859	1	10	31021	690
151	należeć	200751.75	151	25391	1	43	1855	13005
152	państwo	199224	152	12109	1	9	37391	547
153	wtedy	198929	153	59110	1	1	139810	113
154	pieniądz	196812	154	60711	1	10	1742	13757
155	ręka	195324	155	57335	1	12	4424	5741
156	ojciec	191831	156	97906	1	11	40060	502
157	dużo	189949.6826695974617148432091	157	78138	2	3	65025	281
158	daleko	187966	158	99996	1	3	19719	1112
159	dlatego	185149	159	56682	1	1	128464	127
160	ważny	183909	160	46147	1	32	10210	2321
161	sytuacja	183237	161	19887	1	8	36658	558
162	potem	181996.9520010842836950839352	162	51645	1	1	130351	124
163	część	180911	163	30630	1	6	69998	261
164	zobaczyć	180269.6042568125312019613367	164	125307	1	50	17812	1238
165	komisja	179039	165	2871	1	9	39725	508
166	dzięki	177961	166	92440	2	3	85563	207
167	własny	177780	167	37626	1	11	12378	1856
168	gdyby	176168	168	72921	1	5	84343	213
169	prowadzić	174507.9326191346027678016732	169	27171	1	64	14630	1527
170	zmiana	173579	170	15830	1	9	20369	1073
171	wyglądać	172771.8384615384615384615385	171	111554	1	53	5334	4753
172	kraj	172385.3817996208254338632055	172	22305	1	10	15130	1469
173	czekać	170668.8209216736931665152047	173	90791	1	48	12321	1867
174	czuć	169880.3197340767259021564274	174	93364	1	55	6364	3946
175	oko	169294.1895252002999565852311	175	124967	1	11	9196	2611
176	rozumieć	168873.1001031567571123881365	176	93873	1	66	6656	3749
177	pomoc	168328	177	47565	1	5	35749	577
178	sąd	166330.0307167235494880546075	178	17158	1	10	59784	304
179	trochę	165418	179	94852	2	2	70102	260
180	mało	165113.3099601593625498007968	180	29470	2	3	45912	433
181	pójść	164647.915793478577461917106	181	101915	1	40	7679	3220
182	zły	164348.3894161421452924206661	182	79084	1	33	7866	3122
183	głowa	164257.7272727272727272727273	183	53651	1	10	7385	3377
184	kolejny	163927	184	27596	1	11	28409	767
185	rodzina	163410	185	52555	1	10	17634	1255
186	porządek	162873	186	123212	1	8	7769	3174
187	młody	162259.2417851888180480627759	187	35013	1	32	16073	1377
188	duży	162098	188	33730	1	11	15879	1396
189	pracować	162026.1163510385560257256247	189	69913	1	59	15852	1399
190	rada	161889.3409575749724022142476	190	30239	1	9	25138	862
191	słowo	161269	191	42917	1	10	20923	1048
192	godzina	160404	192	55921	1	10	5502	4618
193	jeżeli	160184	193	35855	1	1	124348	138
194	ani	159539	194	39938	2	2	119568	142
195	grupa	159010	195	17259	1	10	33619	625
196	środek	154129	196	33388	1	10	7614	3258
197	późno	153654	197	52618	1	3	9399	2553
198	cel	153145.4224454041350082555213	198	25000	1	10	21995	992
200	często	150711	200	13789	1	3	86797	203
201	przecież	150453	201	31619	1	1	118835	146
202	minister	150084	202	2975	1	10	55659	329
203	uważać	149774.7241379310344827586207	203	61980	1	54	4727	5390
204	znaczyć	149150.7105891709666070153388	204	71446	1	62	1332	17450
206	wydawać	147622.6396282373048102229356	206	43234	1	52	6401	3915
207	informacja	146796	207	18666	1	8	11773	1972
208	pamiętać	146116.3977272727272727272727	208	68241	1	55	15494	1432
209	poseł	144949	209	382	1	11	46219	429
210	miesiąc	144561	210	34214	1	10	18231	1207
211	dobro	143188.9518742726567626710838	211	105027	1	8	6965	3577
212	głos	143153.4888888888888888888889	212	17661	1	10	39606	510
213	podczas	141982	213	22789	1	1	119187	143
214	pytać	141950.3072258930101565541486	214	40874	1	61	3669	6910
215	program	141748	215	14012	1	10	40175	501
216	im	141695.0679778467287225169319	216	43555	1	1	134691	120
217	szybko	141461.868546473786978521489	217	69066	1	3	53888	345
218	przypadek	140780.9333551925000752802937	218	14460	1	9	10932	2149
219	tyle	139756.1002289377289377289377	219	47534	1	5	85171	210
220	wyjść	139490.546572256954947246233	220	70655	1	40	10550	2241
221	między	138871	221	19836	1	1	119031	144
222	rząd	138646	222	12943	1	17	48141	408
223	projekt	137438	223	7660	1	10	46789	424
224	potrzebować	136591.0212993486132772249202	224	110181	1	50	626	32581
225	samochód	136537.8	225	52144	1	10	22419	977
226	działać	135917.1107708737228538205079	226	33358	1	54	10456	2264
227	zespół	134250.2582781456953642384106	227	13110	1	10	41318	478
228	stan	133794.499375941089619543632	228	35863	1	6	34027	615
229	słyszeć	133608.0621118012422360248447	229	87299	1	67	3280	7691
230	czyli	133058	230	13335	1	1	119716	141
231	aż	132677	231	37289	2	1	95384	187
232	system	132653	232	15324	1	10	38613	524
233	mama	131921.1513210134229915766811	233	94821	1	10	20034	1094
234	kochać	131434.0738547079829345659462	234	102359	1	71	4233	6030
235	matka	130753	235	57546	1	10	28581	760
236	powód	130415.2666666666666666666667	236	46038	1	11	9077	2663
237	ile	129670	237	56914	1	3	67352	270
238	tydzień	129493	238	45789	1	10	19131	1149
239	noc	129305	239	67820	1	7	19220	1145
240	lubić	129269.8410633814646829831211	240	76316	1	74	1208	19043
241	poza	127692.0769230769230769230769	241	31373	2	10	85281	209
242	różny	127471.6233565351894818252127	242	12345	1	19	2315	10676
243	wynik	127265.4698305084745762711864	243	10719	1	10	22830	961
244	jakby	126580	244	45862	1	5	72750	252
245	grać	126311.552898768216140184401	245	50603	1	55	12585	1822
246	rynek	125579.4778276749895215855338	246	3660	1	8	26924	804
248	zasada	124839	248	19530	1	9	9588	2498
249	wcześnie	124441	249	36882	1	3	6445	3892
250	możliwość	124136	250	10545	1	6	47209	418
251	woda	123718.416479141422883849749	251	35061	1	11	15157	1466
252	góra	122672.0888208269525267993874	252	40254	1	10	9409	2552
253	wniosek	122624	253	4315	1	9	43986	448
254	punkt	122285	254	18004	1	10	17297	1276
255	temat	122069.75	255	17911	1	9	78520	228
256	dziewczyna	121915	256	77319	1	10	15169	1465
257	decyzja	120108	257	15625	1	8	18370	1202
258	ziemia	119683.8666666666666666666667	258	38526	1	10	8245	2978
259	ponieważ	119428	259	40762	1	1	78662	227
260	mężczyzna	119304	260	34892	1	11	26857	805
261	niech	118819	261	72667	1	1	46165	430
262	brać	118351.7929083120863496148754	262	45132	2	66	8944	2710
263	pytanie	117904.1738090966987525902207	263	26797	1	8	76054	236
264	udział	117701.1988687745195824190438	264	8666	1	10	63345	291
266	mieszkać	116107.4091675568927656965479	266	38351	1	51	3332	7581
267	władza	113902	267	11014	1	10	7515	3313
268	dzisiaj	113135	268	45283	1	1	67853	267
269	policja	113013	269	36416	1	9	22688	964
270	rozmowa	112455	270	18176	1	9	21501	1023
271	próbować	111935.5332491582491582491582	271	60545	1	54	2797	8963
272	myśl	111282.1730021902939692805347	272	51722	1	6	21741	1010
273	dopiero	111197	273	19279	1	1	91919	192
274	wojna	110550	274	27878	1	10	12976	1759
275	początek	110284	275	18746	1	9	19436	1128
276	istnieć	110253.9777747109216052401216	276	20189	1	59	5593	4532
277	społeczny	110193	277	3073	1	11	5498	4621
278	oba	110139.5507246376811594202899	278	28730	2	11	9482	2528
279	długo	110000	279	48902	1	3	43036	457
280	senator	109944	280	4303	1	11	39581	511
281	ponad	109607	281	12807	2	1	96797	180
282	historia	108981	282	31538	1	9	18572	1191
283	szukać	108874.9136699507389162561576	283	54436	1	55	14410	1553
284	przyjaciel	108836	284	72085	1	10	5333	4755
285	przykład	108629	285	12928	1	10	68512	265
286	pisać	107156.2011750608129838058128	286	19572	1	60	10132	2346
287	pracownik	106964.7048300536672629695886	287	6952	1	10	10896	2159
288	jechać	106846.4311594202898550724637	288	63485	1	48	7586	3275
289	wybór	106805	289	20045	1	10	15246	1459
290	akcja	106624	290	10494	1	8	13787	1635
291	książka	106299	291	22178	1	10	13295	1702
292	niektóry	106209	292	17488	1	8	34	219200
293	warunek	105634	293	6959	1	9	4410	5760
295	umowa	105340.3981481481481481481482	295	11270	1	9	12034	1919
297	film	105111.25	297	29603	1	10	24120	903
298	mieszkaniec	104366	298	4558	1	10	8830	2745
299	nadzieja	104195.5009608280464769277975	299	47144	1	9	4839	5262
301	okres	103697	301	5523	1	10	31656	672
302	siła	103466.2298603651987110633727	302	24388	2	10	7925	3090
303	ulica	103286	303	18535	1	10	5490	4625
304	prezydent	103164	304	15278	1	10	35541	583
305	prawie	102573.5309276607257600865772	305	29568	1	1	73003	251
306	rozmawiać	102304.453538026250294726363	306	53842	1	50	11661	1996
307	zbyt	102270	307	43977	2	5	56217	325
308	żona	102069	308	51173	1	10	18946	1165
309	dziać	101628.1424886652656392015549	309	58228	1	34	1227	18772
310	pewno	101273.4881415929203539823009	310	41416	1	3	58667	310
311	bank	101008.1707317073170731707317	311	11565	1	9	25437	850
312	wiek	100800.0057809922598654993021	312	18665	1	10	11027	2139
313	minuta	100655	313	44253	1	10	1133	20157
314	jedyny	100422	314	41114	1	11	11814	1965
315	potrafić	100263	315	35460	1	47	138	95503
316	prawdziwy	100006	316	46088	1	29	9003	2687
317	poprawka	99597	317	3034	1	9	20620	1060
318	tysiąc	99412	318	20153	2	10	7767	3175
319	syn	98734	319	50485	1	11	17532	1262
320	plan	98479	320	34627	1	10	17000	1299
321	klient	98066	321	14279	1	10	11681	1992
322	główny	98004	322	13835	1	14	12551	1828
324	urząd	97666	324	2349	1	10	22597	971
325	prezes	97659	325	1933	1	9	52794	353
326	wracać	97400.51470588235294117647059	326	57732	1	50	5575	4553
327	mecz	97351.48285413595761579014456	327	9772	1	9	27052	800
328	fundusz	97094	328	2681	1	10	15821	1403
329	pokój	97059.29069767441860465116279	329	45729	1	10	12405	1851
330	klub	96787.86877914637013224866466	330	12113	1	10	23511	931
331	szansa	95983	331	34559	1	10	9810	2431
332	pewnie	95874.51185840707964601769912	332	57257	1	3	37611	541
333	razem	95866.16886486486486486486486	333	47331	1	1	85366	208
334	nazywać	95640.73303834808259587020649	334	57398	1	63	2570	9690
335	publiczny	95557	335	5220	1	11	3009	8332
336	następny	95000	336	37363	1	11	7602	3267
337	podstawa	95000	336	6071	1	9	2935	8540
338	trzeci	94903.56060606060606060606061	337	15138	1	10	16222	1364
339	dyrektor	94516	338	6853	1	11	51720	367
340	członek	94263	339	9292	1	11	11629	2004
342	piękny	93730.36847218848676220548943	341	41063	1	32	7093	3520
343	jasny	93682.86196502531063046479522	342	57425	1	30	2805	8934
344	zaczynać	93606.13332829827675188499931	343	40402	1	47	1617	14717
345	złoty	93139.87836294262036114419034	344	6308	1	11	7183	3481
346	długi	93135.58370231077949233791848	345	19311	1	30	12840	1784
347	poznać	93131.67129731027190192344457	346	44804	1	57	11571	2017
348	wierzyć	93122.96458392116615664602994	347	51751	1	55	7763	3177
349	cena	92790	348	10034	1	10	17634	1254
352	ubezpieczenie	91923.6286510598075902163639	351	1853	1	8	15495	1431
354	liczyć	91691.25047523689289393873434	353	19208	1	54	20418	1072
355	brat	91602.66631279571160827795909	354	53014	1	11	10517	2248
356	zakład	91476.35993975903614457831325	355	5290	1	11	18815	1172
357	koszt	91409	356	4610	1	10	15380	1444
358	wypadek	90961	357	23657	1	9	13176	1725
360	siedzieć	90567.73725950750967192724373	359	33975	1	49	4302	5926
361	ciało	90519	360	36567	1	9	17094	1292
362	cztery	90398	361	21735	1	9	39051	515
363	drzwi	90207	362	36910	1	4	38735	522
365	działalność	89891	364	1478	1	5	34107	613
366	serce	89826	365	42276	1	8	14865	1499
367	pełny	89697.66925422789021347380094	366	19789	1	27	3545	7152
368	racja	89636	367	57914	1	7	1961	12392
369	stanowić	89333.02323943661971830985916	368	3843	1	38	7511	3314
370	ruch	89239	369	16298	1	9	22314	982
371	twarz	89165	370	30496	1	7	25476	847
372	sądzić	89009.77777777777777777777778	371	50225	1	50	3087	8134
373	wzgląd	88438.77444134078212290502793	372	8655	1	9	580	34582
374	działanie	87787.07022261454654868822788	373	4815	1	8	14548	1534
375	gra	87763.78233609105325892535638	374	24364	1	9	21848	1002
377	teren	87545.57142857142857142857143	376	8733	1	10	13385	1693
378	szef	87522	377	31800	1	11	25488	845
379	bliski	87326	378	10957	1	33	4219	6047
380	stąd	87233	379	54989	1	1	32246	655
381	według	87221	380	12149	1	1	75069	239
383	spotkanie	86289.89103330317987206681998	382	12991	1	8	37115	554
384	mimo	86281	383	10835	1	1	75451	237
385	miłość	85997	384	35938	1	5	21525	1021
386	kościół	85904	385	9842	1	10	22313	983
387	potrzeba	85513	386	14396	2	10	16049	1378
388	ochrona	85292	387	11707	1	7	6672	3742
389	ogół	84696.3125	388	19012	1	7	9517	2517
390	szpital	84592	389	20876	1	10	9124	2637
391	napisać	84575.05663099125552531812484	390	25715	1	53	7436	3347
392	gotowy	84373.48157560355781448538755	391	53492	1	12	5058	5022
393	nadal	84227	392	36302	1	1	47923	411
394	liczba	83951	393	6275	1	9	28544	764
395	zaraz	83935	394	45795	1	1	38136	534
397	walka	83634.23019633919418369593921	396	22969	1	9	11227	2097
398	wobec	83547	397	6213	1	1	77331	233
399	zakres	83109	398	834	1	8	14612	1528
400	wieczór	83089	399	39877	1	10	11493	2040
401	rodzaj	82975	400	16050	1	10	12487	1843
402	wciąż	82587	401	33977	1	1	48610	403
403	fakt	82250	402	12379	1	10	36326	564
404	moment	82250	402	20274	1	10	14721	1514
406	stanowisko	81641	404	5672	1	8	32505	652
407	trwać	81587.6575873896709207577741	405	10618	1	44	5566	4559
408	gość	81237.39643476167549350024074	406	35227	1	11	4294	5942
409	lekarz	80967	407	22263	1	10	14719	1515
411	chłopiec	80650.33333333333333333333333	409	42298	1	11	8115	3019
413	polityczny	80161	411	3087	1	11	5877	4297
414	zajmować	80034.1172581172992186374208	412	15820	1	53	5424	4681
415	twierdzić	79624.96690697949640208199226	413	12539	1	33	1636	14556
417	trudno	79023	415	13406	1	3	59103	309
418	facet	78968	416	61910	1	11	7603	3266
419	spółka	78645	417	1128	1	9	13354	1697
420	telefon	78552.83454443823365008384572	418	35299	1	10	18171	1211
421	forma	78417	419	6568	1	10	8410	2887
422	wasz	77918	420	56726	1	11	2579	9663
423	dość	77742	421	26159	1	1	51585	369
424	daleki	77642	422	10200	1	30	1890	12788
425	wczoraj	77639	423	22428	1	1	55210	333
427	granica	77231	425	9619	1	9	4167	6121
428	proces	77194.28571428571428571428571	426	7769	1	10	24879	874
429	oznaczać	77181.6	427	19180	1	37	4656	5463
430	poziom	77166.13407821229050279329609	428	9860	1	9	22375	979
432	skąd	76961	430	47474	1	1	29489	731
434	wolny	76652	432	22867	1	29	11084	2127
435	badanie	76326.01899179548026608023728	433	10438	1	8	7213	3461
436	odpowiedź	76246	434	16412	1	6	23633	923
437	dojść	75609.24207425576819619955532	435	14622	1	42	8924	2718
438	okazja	75417	436	18492	1	9	5402	4694
439	pomyśleć	75394.35895032802249297094658	437	43483	1	44	5176	4892
440	mąż	75075	438	32790	1	11	17608	1259
441	pięć	74978	439	23005	1	7	30749	699
442	znowu	74829	440	37559	1	1	37272	550
443	broń	74774.05629242186129949669024	441	43447	1	7	11123	2118
444	czarny	74712	442	21812	1	24	8053	3034
445	czytać	74448.54167323700583670985522	443	21041	1	58	7584	3276
446	rola	74425	444	8674	1	8	8330	2933
449	numer	73891.2916145181476846057572	447	30245	1	11	19083	1153
450	dokument	73497	448	7529	1	10	11481	2046
451	podobny	73071.2408	449	11689	1	13	9960	2387
452	trzymać	72630.1129139694155174031335	450	64667	1	61	5437	4667
453	zdać	72414.00599720920375783883896	451	13489	1	53	2143	11476
454	źle	72345.63317016988194644399655	452	31913	1	3	26018	832
455	stanąć	72179.71275528285594149221274	453	20380	1	38	4635	5497
456	raczej	72084	454	18112	1	1	53972	343
457	wspólny	71699	455	16299	1	11	4640	5490
459	noga	70979	457	25294	1	10	2705	9241
461	zarząd	70771	459	1842	1	9	22846	960
462	cieszyć	70411.4960246009761245218309	460	27746	1	45	5153	4918
464	zanim	70203	462	42224	1	1	27978	781
465	obecnie	70172	463	3599	1	1	66572	275
466	trudny	70142.50769230769230769230769	464	16309	1	32	5586	4538
471	dokładnie	69840	469	33705	1	3	33100	640
472	chłopak	69800	470	46212	1	11	10923	2151
473	biały	69607	471	19170	1	28	8111	3020
474	ciąg	69452.4	472	10556	1	13	4797	5306
475	jutro	69047	473	44911	2	9	21546	1020
476	wystarczyć	69002	474	27808	1	20	1452	16198
477	język	68965	475	10120	1	10	14661	1521
478	miejski	68940	476	2228	1	12	6691	3723
480	podstawowy	68761	478	2705	1	11	3285	7681
481	sztuka	68735.78904109589041095890411	479	12437	1	10	9347	2568
482	kiedyś	68456.61481696228553356350315	480	29014	1	1	51581	371
483	połowa	68420.45645144138615101050224	481	12235	1	9	10532	2244
484	zaś	68403	482	1603	1	1	66801	274
485	marszałek	68126	483	461	1	7	16182	1368
486	kolega	68022	484	17558	1	11	8600	2818
487	drużyna	68005	485	12978	1	10	11887	1945
488	zapytać	67577.67380549921117872436331	486	21721	1	44	11893	1944
489	zgodnie	67508	487	6005	1	1	61509	293
490	obecny	67375	488	5332	1	11	11230	2095
491	stosunek	67295	489	4487	1	9	10195	2325
493	spokój	66942	491	43821	1	5	12853	1783
494	posiadać	66801.95357667032634208573221	492	9868	1	54	3634	6971
496	inaczej	66629	494	20519	1	1	46111	431
499	kwestia	65970	497	7231	1	8	16476	1342
500	właściciel	65928	498	6744	1	10	17332	1274
501	tworzyć	65803.62862004580328927991096	499	7319	1	51	6568	3805
502	klasa	65616.12387235545544939444986	500	13713	1	10	7361	3383
504	podać	65531.83713326939326527703798	502	22058	1	47	6939	3591
506	tamten	65224	504	24134	1	12	5809	4347
507	krew	65104.96795291039895356442119	505	31451	1	5	11645	2002
508	opinia	64980	506	5415	1	8	7793	3154
509	wiadomość	64863	507	28129	1	6	10349	2287
510	służba	64757	508	7060	1	9	4310	5906
511	dziwny	64748	509	32947	1	30	3501	7245
513	specjalny	64663	511	12804	1	11	6363	3947
514	typ	64587	512	9716	1	11	5860	4309
515	biuro	64459	513	20814	1	9	10165	2335
516	środowisko	64459	513	2559	1	8	9599	2493
517	powrót	64053	514	26906	1	10	11728	1981
518	lista	64038.97605712330296351725902	515	14767	1	10	8503	2847
519	pies	63923	516	27746	1	10	9261	2594
520	wymagać	63877.36909711106944948029896	517	6915	1	60	2341	10543
521	milion	63737	518	21080	2	10	5236	4833
522	najpierw	63711	519	21883	1	1	41829	473
523	interes	63585	520	19865	1	10	8642	2806
524	budowa	63553	521	3112	1	8	11342	2073
525	spać	63500.56892588736553493788546	522	38092	1	52	8073	3027
526	postać	63262.96153846153846153846154	523	5852	2	25	13919	1616
527	ciekawy	63024.45291479820627802690583	524	16374	1	30	4539	5605
528	jednostka	62995	525	8646	1	10	5251	4818
529	okno	62956	526	12215	1	9	12853	1782
532	wchodzić	62617.79319389832360498733463	529	21208	1	46	3419	7406
533	centrum	62515.62370711725550435227855	530	8833	1	5	51622	368
534	przypominać	62472.24375	531	11866	1	43	2278	10837
535	robota	62390.64675726297521948622978	532	37117	1	9	3046	8246
536	światło	62318.87181903864278982092366	533	20375	1	9	13285	1703
537	opowiadać	62149.49309893516211143158596	534	8899	1	54	3529	7190
540	gazeta	61971	537	9351	1	9	11505	2032
541	córka	61874	538	30510	1	10	10344	2289
542	przyjechać	61845.3	539	27041	1	40	3098	8098
543	odpowiadać	61799.4785537043601559730592	540	10733	1	49	5094	4981
544	właściwie	61771	541	24649	1	3	37038	555
545	rodzice	61552.90585595154152715722719	542	18690	1	5	23511	932
546	skoro	61458	543	23876	1	1	37647	539
547	święty	61254.964703032533038972189	544	12927	1	28	8469	2862
548	głosować	61131.67725634890115085794258	545	3741	1	47	6065	4157
549	wiadomo	61118	546	6575	1	1	54545	336
550	towarzystwo	61066	547	6497	1	8	16115	1371
551	stopień	61011.09938837920489296636086	548	8388	1	10	7782	3166
552	zdanie	60936.99400279079624216116104	549	7139	1	7	17943	1230
554	rano	60805.08073107710272023044522	551	28488	2	7	23484	934
555	odpowiedni	60659	552	9587	1	10	5657	4465
556	używać	60383.6525478115774611731485	553	22981	1	69	4690	5429
557	szkoda	60278.00000000000000000000001	554	14025	2	9	16584	1331
558	konkurs	60263	555	3284	1	10	15591	1423
560	jeść	60093.46318638320971313569898	557	35720	1	61	6207	4051
561	leżeć	59938.79046579780548873016238	558	13497	1	44	1588	14947
562	list	59727.27332457496579163525541	559	14119	1	11	19616	1115
564	tata	59687.0205048600227798958854	561	49434	1	10	5549	4573
565	zwłaszcza	59652	562	5721	1	1	53927	344
566	potrzebny	59421	563	16168	1	14	8557	2830
567	blisko	59411.23213638012332245194051	564	20607	2	3	26283	822
568	wówczas	59226	565	1590	1	1	57635	318
570	czasem	59017.64271648005401451640128	567	15474	1	1	50014	389
572	bądź	58943	569	26357	1	1	32586	651
574	nazwisko	58729	571	20131	1	8	14741	1510
575	autor	58674	572	1702	1	11	21464	1024
576	przewodniczyć	58652.2619047619047619047619	573	2825	1	26	265	61463
577	pozwalać	58494	574	10231	1	45	515	37803
578	wszelki	58454	575	8373	1	10	4139	6160
579	błąd	58325	576	18137	1	10	14311	1566
582	patrzeć	58251.91031692044507185345067	579	31403	1	41	8098	3023
586	uczyć	57802.89069829211144847598803	583	18218	1	58	8713	2778
587	zdawać	57728.775	584	14330	1	39	2941	8524
588	impreza	57673	585	12854	1	10	8046	3037
589	kontakt	57555	586	11588	1	10	15374	1446
590	wspaniały	57350	587	33291	1	33	4352	5839
591	nauka	57347	588	7630	1	10	7322	3404
592	chory	57328.77112135176651305683564	589	16753	1	11	6116	4112
594	muzyka	57160.84568707643862688819849	591	14315	1	10	12768	1789
595	korzystać	57100.80908975936004567064989	592	4010	1	42	13165	1729
596	wraz	57046	593	4946	1	1	52100	366
597	miał	56994.24738379484971539701423	594	30864	1	4	145147	106
598	dawny	56980	595	9626	1	22	2788	8989
599	ciągle	56937	596	27453	1	1	29485	732
600	gospodarka	56917	597	683	1	7	5553	4569
601	ludzki	56864	598	13593	1	12	3124	8043
602	silny	56853.486976217440543601359	599	17969	1	33	5956	4236
604	zamierzać	56699	601	27765	1	41	10	419881
606	zatem	56533	603	9455	1	1	47079	419
607	kierunek	56476	604	7346	1	8	6972	3570
608	niski	56340	605	5167	1	31	3838	6621
609	podatek	56329.35294117647058823529412	606	2880	1	9	9531	2514
610	pole	56291.50675262979300984051578	607	10971	1	8	11098	2123
611	płacić	56229.08632468789693031563913	608	14689	1	62	11286	2086
612	zauważyć	56183.01515151515151515151515	609	17288	1	58	10134	2345
613	sprzedaż	56126	610	4546	1	6	15443	1438
614	siostra	56102	611	32668	1	10	7682	3219
615	drogi	56059.03051490628526045612338	612	19119	1	31	39698	509
616	zależeć	55937	613	16463	1	27	2379	10394
617	znajdować	55899.94473114931956456875745	614	6118	1	51	2756	9083
620	dowód	55607	617	20695	1	10	9662	2477
621	bezpieczeństwo	55559	618	9256	1	7	10648	2219
623	sklep	55439.73521948891825573943591	620	14739	1	10	5910	4273
624	zwrócić	55435.62298136645962732919255	621	8993	1	50	16544	1339
625	sens	55306	622	16616	1	9	12222	1887
627	pozycja	54998	624	10129	1	8	5622	4508
628	martwić	54929.44891363169844182502411	625	45678	1	48	2156	11397
629	właściwy	54917	626	8075	1	25	11124	2115
630	ów	54877	627	10905	1	12	11856	1952
631	zarówno	54768	628	1805	1	1	52960	351
632	zawodowy	54722.39705882352941176470588	629	2497	1	11	2998	8361
633	nagroda	54693	630	8873	1	10	4793	5313
634	partia	54602	631	2915	1	8	8541	2834
635	zawód	54489.60294117647058823529412	632	5340	1	10	6400	3917
637	wzrost	54341	634	3467	1	9	26154	828
638	poważny	54273	635	14398	1	32	4785	5325
639	nazwa	54258.5717678595082489424242	636	6836	1	9	10168	2334
640	produkt	54121	637	2654	1	10	8716	2776
641	zadanie	54081.15094932113055698142945	638	6779	1	8	15701	1415
642	sieć	53961	639	4922	1	6	9921	2399
644	łatwo	53910	641	14696	1	3	24588	884
645	pochodzić	53838.97616984402079722703639	642	12030	1	38	1793	13407
647	szczególnie	53275	644	4942	1	2	48076	409
648	umrzeć	53181.35039370078740157480315	645	38883	1	37	2784	9002
649	niemiecki	53118	646	4226	1	12	7220	3458
650	linia	53082.74924471299093655589124	647	13635	1	9	5122	4954
651	proponować	53066	648	4117	1	42	645	31852
652	wina	53006.00983487937544703997161	649	25482	1	8	10677	2207
653	oddział	52811	650	7961	1	10	11207	2099
657	kierować	52596.23663535259920802089477	654	6837	1	55	4670	5450
658	skarb	52578.28571428571428571428571	655	20829	1	10	7277	3422
659	warto	52497	656	4910	1	1	47590	415
660	miły	52490.28641772671317193270414	657	35056	1	34	3449	7342
663	wykonywać	52458.84829837354502545634331	660	6259	1	52	4790	5318
664	źródło	52430	661	6682	1	9	14232	1582
665	nagle	52379	662	11933	1	1	40444	494
666	stosować	52221.21505511626818883638235	663	1966	1	50	6529	3833
668	zmieniać	52184.91958403551778765942101	665	13846	1	54	5785	4357
670	widać	52178	667	9875	1	1	42302	469
672	kwota	52148	669	1202	1	9	10493	2258
673	policjant	52026	670	9399	1	11	5611	4521
674	ofiara	51966	671	19604	1	10	2899	8650
676	koło	51566.66348862405200433369448	673	9134	2	6	23956	909
677	oglądać	51449.64471699819986069273703	674	17716	1	58	9743	2451
679	kolej	51413	676	8299	1	7	4069	6256
680	choroba	51374	677	9174	1	10	6893	3617
681	las	51352.60384903561012536743379	678	10200	1	10	7859	3126
682	wiedza	51269.05467289513745650679253	679	6691	1	5	7933	3087
683	propozycja	51227	680	4523	1	8	9329	2576
684	pewność	51192	681	15172	1	4	6605	3778
685	nauczyciel	51179	682	7579	1	10	8325	2936
686	senat	51167	683	1007	1	5	13581	1669
687	materiał	51166	684	6495	1	10	8379	2900
689	kończyć	51094.37865076100370218017277	686	15399	1	60	1382	16904
690	pojechać	51042.16666666666666666666667	687	24334	1	39	3790	6704
691	pić	50947.71480194710685800244128	688	22232	1	59	4763	5346
692	dolar	50780	689	21211	1	9	955	23287
694	zawierać	50716.50622119815668202764977	691	3997	1	44	4426	5738
695	inwestycja	50671	692	1216	1	8	6381	3932
696	próba	50631	693	9871	1	10	7832	3143
698	efekt	50563	695	4082	1	10	14110	1593
701	przychodzić	50398.08794063079777365491652	698	18924	1	51	1723	13896
702	ocena	50362	699	2797	1	9	7421	3354
704	występować	50339.5200295639320029563932	701	3810	1	41	3540	7159
705	przykro	50277	702	45910	1	1	4368	5808
706	styczeń	50210	703	1203	1	5	2114	11623
707	amerykański	50163	704	8799	1	12	6425	3905
708	kurwa	49943.96153846153846153846154	705	42569	1	11	6330	3977
709	funkcja	49850	706	1638	1	8	4450	5709
710	mieszkanie	49828.72773845106201764027435	707	7654	1	8	16750	1321
711	wyrok	49700	708	3893	1	9	16718	1325
712	żołnierz	49644	709	13586	1	10	4600	5539
714	łódź	49615	711	10107	1	7	10184	2328
715	mistrz	49565	712	15934	1	11	10673	2208
716	przeciw	49528.00000000000000000000001	713	6305	2	1	43225	456
717	dokonać	49491.66196693170377380903695	714	8165	1	49	9369	2563
719	prywatny	49350	716	7558	1	11	3151	7991
723	czerwony	49163	720	14373	1	18	4924	5172
724	rozwiązanie	49047.46213135338879701718668	721	2820	1	8	20353	1076
725	krok	48978	722	10983	1	9	12662	1804
726	tłumaczyć	48977.56264013015956517301036	723	12099	1	46	4644	5484
728	reszta	48817	725	22966	1	7	10245	2314
730	los	48632	727	11620	1	10	16024	1381
731	znak	48594	728	10928	1	9	12450	1846
732	karta	48566.36438222949815879399303	729	13363	1	9	4985	5108
733	zawodnik	48520	730	3083	1	10	6868	3630
734	piłka	48242	731	10857	1	10	7746	3189
735	krótki	48155	732	7388	1	27	6221	4041
736	przedmiot	48128	733	3140	1	10	6481	3867
737	prawdopodobnie	48003	734	14620	1	3	24339	892
738	zdecydować	47952.61396234750673909470168	735	13028	1	54	3489	7273
740	dzwonić	47882.6604530864525028516858	737	32433	1	48	1945	12471
741	scena	47851	738	10015	1	10	7788	3158
742	zgadzać	47647.01503759398496240601503	739	27423	1	39	708	29609
743	rama	47544.35	740	2509	1	6	387	46933
745	komputer	47443.63513513513513513513514	742	9974	1	10	8758	2762
746	były	47254.32739103092767141896128	743	7627	1	10	167374	94
747	oferta	47246	744	5037	1	8	7063	3532
748	znacznie	47209	745	4615	1	3	42545	465
749	zwierzę	47205	746	12210	1	9	4099	6216
751	przyczyna	47129	748	5301	1	9	3046	8245
754	składać	46979.49856774309659400101429	751	5468	1	50	4896	5201
757	zamiast	46875	754	10895	2	1	35976	570
758	głupi	46813.85499600748128339380168	755	33006	1	31	4196	6079
759	ruszać	46744.04912280701754385964913	756	36164	1	51	1495	15791
760	duch	46731.11594202898550724637681	757	16837	1	10	5311	4768
761	ciężki	46689	758	14198	1	31	4101	6213
764	instytucja	46360	761	1031	1	8	4490	5656
765	szczęśliwy	46328	762	28286	1	31	4552	5592
766	zabawa	46144	763	16206	1	10	6949	3588
767	kierowca	46140	764	6287	1	10	13128	1733
768	zginąć	46026.33333333333333333333333	765	26194	1	35	1460	16103
769	dyskusja	45954	766	2427	1	8	7558	3288
771	lipiec	45952	768	1880	1	5	2104	11662
772	spojrzeć	45880.91498080701273424850604	769	54756	1	37	4905	5191
774	współpraca	45730	771	2983	1	5	7722	3199
775	poprzedni	45676	772	5592	1	10	3895	6537
776	pomagać	45599.25075187969924812030075	773	16246	1	46	4795	5310
777	metoda	45591	774	4094	1	9	6941	3590
778	społeczeństwo	45578	775	4145	1	9	10649	2218
779	spokojnie	45487	776	26585	1	3	17916	1233
780	nieco	45481	777	7069	1	1	38409	529
783	drzewo	45423	780	10646	1	9	6062	4159
785	dodawać	45133.97124824684431977559607	782	1970	1	41	1389	16828
787	gdzieś	45009.75207498568975386376646	784	21610	1	1	30267	713
788	układ	44991.90299485817414104266694	785	6984	1	11	12249	1880
789	pamięć	44966	786	8492	1	5	12170	1897
790	rzeczywiście	44928	787	6348	1	1	38576	526
791	umieć	44780.96026490066225165562914	788	17822	1	48	2647	9435
792	suma	44719.4790534830375467825667	789	6226	1	10	5687	4435
793	oczekiwać	44603.15035343294562246982744	790	12843	1	62	4053	6280
794	woleć	44501.89764568518533129896635	791	18370	1	37	12	381950
795	wskazywać	44495.59848484848484848484849	792	5246	1	41	1609	14796
796	wyraźnie	44471	793	9333	1	3	27350	792
797	zastanawiać	44432.63888888888888888888889	794	16633	1	48	3276	7703
798	wysoko	44333.3625	795	7719	1	3	11155	2107
799	przyszły	44318.23116883116883116883117	796	6853	1	9	6517	3843
800	natychmiast	44314	797	18244	1	1	26072	831
801	odpowiedzialność	44234	798	4513	1	5	14284	1572
802	dół	44176.62500354243841217789114	799	21387	1	9	11453	2051
804	zamknąć	43679.67881382827165868737394	801	48375	1	55	4566	5579
805	kredyt	43640	802	1786	1	9	11050	2133
806	służyć	43610.28143983776772275725415	803	9222	1	44	9086	2658
807	nosić	43549.92380045602351748031049	804	18405	1	62	3173	7934
808	organ	43502	805	2082	1	11	9040	2677
810	międzynarodowy	43394	807	2514	1	11	3997	6366
811	pozostawać	43273.30212765957446808510638	808	4506	1	38	1029	21881
812	artykuł	43157	809	4875	1	10	10751	2197
814	włos	42999.54545454545454545454545	811	17026	1	10	1750	13700
816	pomiędzy	42902	813	7912	1	1	34988	590
817	całkiem	42798	814	20475	1	1	22318	981
818	zagraniczny	42772	815	1541	1	11	1993	12222
821	liga	42713.03872053872053872053872	818	2405	1	7	6269	4011
822	pacjent	42482	819	10598	1	10	5249	4821
823	skład	42476	820	1513	1	9	19238	1143
825	zwykle	42211	822	10070	1	2	32140	658
826	wewnętrzny	42195	823	4534	1	11	3160	7965
827	opieka	42115.07731890425436707740026	824	6859	1	7	2677	9336
828	agent	42107	825	16618	1	10	5905	4278
830	premier	41984.63038574149285957202662	827	1784	1	9	19254	1141
831	zapis	41923	828	2082	1	10	14089	1598
833	powietrze	41867	830	12224	1	7	9661	2479
834	obowiązywać	41843.33333333333333333333333	831	1125	1	20	3492	7263
835	bawić	41831.05128205128205128205128	832	23173	1	52	4544	5601
836	metr	41828.56595272327477305363201	833	8089	1	8	3880	6561
839	stół	41620.72150593089221248066013	836	8942	1	9	7095	3519
843	średni	41306	840	3901	1	9	2452	10105
844	świetny	41293.36363636363636363636364	841	26911	1	23	3424	7397
846	tymczasem	41257	842	2059	1	1	39195	513
847	mocno	41230	843	11917	1	3	24337	893
848	ksiądz	41211.01318097766819970603575	844	6020	1	11	16912	1303
850	wydział	41117	846	5921	1	10	7851	3130
851	obszar	41040	847	4294	1	10	8156	3007
852	obrona	41038	848	7823	1	7	3060	8212
853	zajęcie	41012.83020521091987224491666	849	6909	1	8	5322	4761
855	ogień	40934.64285714285714285714286	851	18730	1	10	8267	2964
856	składka	40841	852	211	1	9	4133	6170
857	strata	40645	853	6989	1	9	2887	8698
858	pański	40608	854	24455	1	12	2261	10904
860	wiara	40577	856	11687	1	8	5962	4229
861	statek	40532	857	24233	1	9	4159	6132
863	niebo	40419	859	14528	1	8	9236	2599
866	dawno	40310	862	13163	1	2	18661	1182
867	zakup	40046	863	5627	1	9	10791	2189
869	wersja	40000	865	6503	1	9	7185	3479
870	pozostały	39944.46153846153846153846154	866	5155	1	8	4804	5298
871	atak	39846	867	15460	1	9	6641	3757
872	październik	39804	868	1416	1	4	2004	12168
873	dzisiejszy	39739	869	10594	1	11	4323	5879
875	sędzia	39661	871	8719	1	14	12861	1781
876	uczestnik	39605.42857142857142857142857	872	800	1	10	3204	7862
877	zagrać	39544.81142354693416117860283	873	11535	1	48	4194	6082
878	ramię	39533	874	9869	1	9	6236	4029
879	palec	39510	875	13724	1	10	3072	8176
881	jakoś	39401	877	12889	1	1	26512	812
883	słońce	39268	879	12784	1	7	11144	2111
884	rodzinny	39231	880	6024	1	11	3776	6734
885	świadek	39209	881	11702	1	10	3797	6691
886	płyta	39084	882	4086	1	9	5481	4636
887	zdjąć	39076.45303520751647827130692	883	20159	1	44	1754	13665
888	opłata	39070	884	1424	1	9	4629	5502
889	realizacja	39031	885	454	1	6	4942	5159
891	obcy	38843	887	10234	1	10	5038	5042
892	odbywać	38842.44755244755244755244755	888	1684	1	37	5192	4869
893	kwiecień	38819.05693950177935943060498	889	1417	1	5	1961	12390
894	oprócz	38819	890	6649	1	1	32168	657
895	zarzut	38800	891	4278	1	10	8896	2725
896	zapewniać	38794.82738095238095238095238	892	4105	1	37	724	29096
897	kara	38782.3258537068074713450329	893	5058	1	9	8177	2998
898	niemal	38766	894	2903	1	1	35869	574
899	akt	38764.60654725138974675725757	895	5501	1	10	15656	1418
900	wokół	38761	896	7289	2	1	31471	681
901	sierpień	38728	897	1375	1	4	1872	12907
902	rzeczywistość	38680	898	6235	1	5	8589	2819
903	ilość	38675	899	5609	1	6	14759	1505
904	papier	38634	900	8808	1	10	4061	6272
905	pokazywać	38576.83162189143873750495962	901	8437	1	57	2325	10622
906	bohater	38541	902	10783	1	12	5544	4575
907	doktor	38422.69553751038835799420107	903	24559	1	12	9671	2472
908	ślad	38342	904	13779	1	10	6401	3916
909	energia	38333	905	9193	1	8	3915	6505
911	styl	38314.23841059602649006622517	907	11281	1	8	8909	2722
912	stopa	38305.99392801653529738184657	908	11584	1	9	4335	5866
913	przyjmować	38279.85695006747638326585694	909	5288	1	53	3083	8144
916	światowy	38111	912	3554	1	11	2395	10334
917	znany	38110.12658719243431341149514	913	4556	1	11	14305	1569
919	adres	37930	915	8164	1	10	13426	1688
920	stały	37880.37550844477568072554742	916	3491	1	13	16425	1347
921	koń	37880	917	14634	1	10	3717	6819
922	kosztować	37851.16666666666666666666667	918	8340	1	40	4617	5513
923	rosnąć	37842.51597744360902255639098	919	5463	1	36	1737	13803
924	uciekać	37825.58616403520038265136652	920	24652	1	45	3834	6632
926	wkrótce	37758	922	12974	1	1	24781	880
927	podróż	37749.81114084978253596520575	923	11772	1	7	8344	2920
930	stawać	37666.58793657193838174830136	926	7157	1	43	1058	21373
931	sezon	37634	927	3846	1	9	7289	3417
932	ból	37570.28866581066884557021128	928	15029	1	10	9122	2640
936	wyłącznie	37201	932	2475	1	1	34721	593
938	czynić	37106.63994768310911808669657	934	8561	1	46	2817	8897
940	wolno	37015	936	11448	2	3	23288	941
941	szczególny	36981	937	3135	1	12	4808	5293
942	spotykać	36971.79181943870974495639767	938	12817	1	65	1807	13319
943	wybierać	36924.54517458181870985963584	939	12720	1	51	3775	6737
945	dzieło	36790	941	5827	1	9	9073	2664
947	wspominać	36362.37400530503978779840848	943	6905	1	49	1503	15740
948	powodować	36357.62051282051282051282052	944	4588	1	44	2102	11671
949	okolica	36332	945	8031	1	9	900	24428
951	ryzyko	36235	947	5333	1	6	11975	1927
952	czwarty	36219	948	5824	1	11	5892	4289
953	pragnąć	36214.6061391223155929038282	949	11533	1	45	317	54166
954	stawiać	36205.22676419965576592082616	950	7683	1	53	3037	8267
955	osobisty	36187	951	8919	1	11	3463	7318
957	powtarzać	36163.4172979797979797979798	953	11098	1	52	2832	8855
966	niedziela	35619	962	4215	1	8	4981	5118
967	jeździć	35489.53950298067945126768657	963	9437	1	49	5770	4367
970	prokuratura	35306	966	741	1	7	12224	1886
971	zostawać	35305.625	967	12882	1	38	288	58058
972	bramka	35295	968	1676	1	8	2457	10085
974	święto	35243.23148744365743721828719	970	10803	1	8	6365	3945
976	znajomy	35188.60287081339712918660287	972	9036	1	11	3544	7154
979	sprzęt	35034	975	5718	1	9	12931	1766
980	lokalny	34929	976	3196	1	11	1805	13331
982	tajemnica	34908	978	11178	1	10	3855	6589
983	agencja	34867	979	3961	1	8	7939	3082
984	przyjęcie	34781.59815279058839872937803	980	7525	1	8	17955	1228
985	dziesięć	34715	981	8942	1	6	15755	1410
987	uczestniczyć	34565.45	983	1961	1	38	5960	4234
989	zwycięstwo	34530	985	5304	1	9	13170	1728
990	szkolny	34498	986	3787	1	11	3492	7264
991	czysty	34491.39177101967799642218247	987	14171	1	37	2677	9334
992	bezpieczny	34472	988	16927	1	30	2907	8628
994	auto	34466.65488453895469330711861	990	9784	1	6	8489	2854
997	dusza	34381.29923097324274603759754	993	13657	1	10	3969	6410
1000	doświadczenie	34321.77783194003362600410985	996	4203	1	8	11737	1980
1001	armia	34167	997	10274	1	9	4852	5249
1002	dochodzić	34120.2837546084532538881357	998	4974	1	37	2316	10668
1003	poważnie	34099	999	21626	1	3	11868	1951
1004	zielony	34053	1000	8445	1	24	2827	8864
1005	operacja	33999	1001	11977	1	8	3662	6918
1009	słaby	33790	1005	8747	1	33	3570	7090
1011	zachowanie	33728.11584184044848004531747	1007	3752	1	8	12515	1835
1014	przedstawiać	33637.02564102564102564102564	1010	4325	1	48	1682	14198
1018	przechodzić	33472.43043338311678599738903	1014	10356	1	44	1345	17307
1019	całkowicie	33333	1015	11425	1	1	21905	997
1020	dzieciak	33298	1016	26868	1	10	989	22626
1021	prawy	33272.13704388822499058719531	1017	8508	1	11	1546	15347
1025	towar	33115	1021	6779	1	10	5945	4247
1027	sprzedawać	33003.37258526511144466614828	1023	9447	1	57	3623	7001
1029	kolor	32941.75229357798165137614679	1025	8272	1	10	7479	3327
1031	zgoda	32917	1027	9796	1	6	5646	4481
1032	bywać	32909.62195121951219512195122	1028	4747	1	27	491	39153
1033	hotel	32900.2	1029	12832	1	10	4647	5476
1036	praktyka	32611.39377990430622009569378	1032	1926	1	7	4316	5893
1037	jakikolwiek	32550	1033	6496	1	11	3355	7535
1038	naturalny	32550	1033	4867	1	20	4073	6251
1039	prokurator	32550	1033	3882	1	11	13487	1681
1041	dostęp	32473	1035	5252	1	8	14958	1490
1042	sport	32419.14285714285714285714286	1036	3142	1	10	7598	3271
1044	uniwersytet	32394	1038	3685	1	10	4820	5286
1045	bogaty	32385.29544034978138663335415	1039	9293	1	31	3073	8170
1046	gadać	32382.77969246709959347234186	1040	21234	1	54	2611	9557
1047	interesować	32359.62684106017507507040385	1041	9475	1	41	1742	13755
1048	znaczenie	32355.78221380120390593601905	1042	7138	1	7	23588	927
1052	analiza	32304	1046	2706	1	9	6359	3953
1053	partner	32265	1047	9580	1	10	3610	7029
1054	poinformować	32210	1048	3707	1	48	4139	6159
1055	zwykły	32156.78170083523158694001519	1049	9368	1	20	4013	6334
1057	południe	32109	1051	9171	1	6	7763	3176
1058	but	32053.49715134477233356612172	1052	15752	1	10	1276	18138
1059	rachunek	32028	1053	7686	1	9	7754	3184
1064	obecność	31929	1058	4915	1	3	10011	2376
1066	region	31876	1060	979	1	9	3408	7424
1067	przyznawać	31875.52958772272076993107037	1061	3949	1	39	658	31382
1068	alkohol	31819	1062	4694	1	9	6827	3648
1069	internetowy	31812.09090909090909090909091	1063	1252	1	10	2161	11370
1071	angielski	31699	1065	8173	1	12	5033	5049
1074	relacja	31617	1068	2681	1	8	3089	8126
1076	strzelać	31599.07630568828117444267408	1070	18898	1	53	2585	9641
1077	przestępstwo	31594	1071	5049	1	9	5599	4528
1078	francuski	31590	1072	5822	1	12	4672	5448
1079	obserwować	31586.35921855921855921855922	1073	10023	1	51	3024	8304
1080	powieść	31575.58291557975159380760712	1074	7386	2	30	5696	4431
1083	rosyjski	31423	1077	3264	1	12	3850	6604
1085	piosenka	31396	1079	11567	1	10	2731	9164
1086	konkretny	31391	1080	2427	1	17	2372	10410
1087	chronić	31379.38443422519509476031216	1081	12510	1	64	3806	6672
1088	baza	31378.603923647932131495228	1082	9264	1	10	2718	9204
1091	ciężko	31335	1085	16056	1	3	14633	1526
1092	morze	31281.3518720465285350781534	1086	8617	1	9	6591	3791
1095	okoliczność	31229	1089	5305	1	6	3016	8319
1097	wydarzenie	31185.38536593394879928739291	1091	4255	1	8	4279	5963
1099	kawałek	31161	1093	14901	1	10	7678	3221
1100	siedem	31110	1094	9454	1	7	11895	1941
1101	zachodni	31107.89531680440771349862259	1095	3566	1	10	2732	9160
1102	tracić	31089.7	1096	10806	1	50	2281	10829
1105	poradzić	30949.3518240879560219890055	1099	17585	1	39	5099	4974
1108	potwierdzić	30839.48217058223817705371537	1102	7033	1	52	2804	8937
1109	zachowywać	30820.80785070785070785070785	1103	14176	1	50	2227	11057
1111	kawa	30760	1105	17118	1	8	2350	10507
1113	lewy	30739.03395509225900356558498	1107	8882	1	10	1941	12500
1115	piątek	30619.77760440602783486156	1109	5061	1	7	20281	1081
1116	turniej	30577	1110	2109	1	8	9245	2598
1118	raport	30538	1112	10147	1	10	7333	3400
1120	wyjazd	30466.375	1114	3383	1	9	8680	2792
1121	obejmować	30427.90909090909090909090909	1115	1421	1	42	1658	14385
1125	kochanie	30231.85880873191643882907134	1119	28397	1	5	2408	10278
1127	artysta	30143	1121	3811	1	11	5219	4851
1129	model	30097.44761904761904761904762	1123	3603	1	13	10079	2362
1130	uratować	30082.82842439440043181537856	1124	19077	1	50	3867	6575
1134	etap	29927	1128	1905	1	9	7850	3131
1135	wizyta	29803	1129	6614	1	9	4605	5530
1136	dopóki	29790	1130	19946	1	1	9846	2418
1138	techniczny	29778	1132	1693	1	10	3453	7338
1143	zachód	29670	1137	6548	1	10	7183	3480
1144	wydatek	29658	1138	1404	1	8	2267	10888
1145	pełnia	29650.77094021411737831854622	1139	4123	1	6	592	34028
1147	radio	29631	1141	6649	1	6	8983	2697
1148	medyczny	29618	1142	5695	1	11	1456	16142
1150	śmieć	29567.51019418020712190428629	1144	13321	2	50	194	76343
1152	grozić	29555.63132363132363132363133	1146	6264	1	42	1132	20166
1153	tradycja	29547	1147	3043	1	9	4083	6242
1154	nieruchomość	29541	1148	1756	1	6	2284	10810
1156	podkreślać	29494.4	1150	430	1	23	574	34818
1158	kierownik	29460.66503667481662591687042	1152	3334	1	10	15429	1441
1160	klucz	29341.83730900386910617089645	1154	14929	1	10	5122	4952
1161	strach	29319.41659137842023748064017	1155	9222	2	10	9910	2402
1162	wczesny	29311	1156	3479	1	30	437	42828
1166	własność	29203	1160	3341	1	6	7402	3367
1168	martwy	29179.47818181818181818181818	1162	19600	1	11	1612	14765
1169	zbierać	29126.29949986626807452063614	1163	8445	1	48	2964	8454
1171	rzeka	29066.68586088878798634404854	1165	7856	1	10	3106	8083
1173	śpiewać	29038.73678630435587576537515	1167	10743	1	54	2858	8781
1176	straszny	29025	1170	15954	1	31	2577	9668
1177	cierpieć	28954.30724896617217583529938	1171	12443	1	52	1116	20394
1178	generał	28938	1172	12183	1	11	6731	3701
1181	pieprzyć	28818.17907471238640941850575	1175	27353	1	55	220	69920
1184	odnieść	28787.07114825655643076797335	1178	3047	1	48	6060	4162
1185	wiązać	28628.87689393939393939393939	1179	2624	1	51	2016	12088
1186	pogląd	28620	1180	1485	1	10	7689	3215
1187	urządzenie	28584.1929934030895165095878	1181	3257	1	8	5721	4408
1188	dostawać	28543.89777777777777777777778	1182	11840	1	52	891	24642
1189	jakość	28541	1183	1979	1	5	10222	2319
1191	kariera	28511.39474598312967524293462	1185	6409	1	9	3606	7036
1192	kuchnia	28507	1186	8891	1	8	2658	9405
1194	wszędzie	28439	1188	12205	1	1	16234	1363
1196	chętnie	28318	1190	5861	1	3	16470	1343
1197	konieczny	28314	1191	4540	1	10	2948	8495
1199	boleć	28269.71133418933115442978872	1193	15448	1	35	724	29067
1206	konieczność	28047	1200	768	1	4	12424	1847
1207	radzić	28037.45899148438804474870596	1201	10313	1	47	2530	9811
1209	przygotowywać	28020.20627943485086342229199	1203	3913	1	47	1650	14450
1211	wróg	27996	1205	13706	1	11	1866	12946
1213	bilet	27960	1207	8558	1	10	4745	5369
1215	oceniać	27915.59316770186335403726708	1209	2207	1	52	3140	8017
1216	zainteresować	27912.89725772160332192324466	1210	3896	1	54	2093	11714
1218	nos	27802	1212	10228	1	10	5754	4380
1221	dziedzina	27755	1215	1281	1	9	973	22954
1222	biedny	27720	1216	11466	1	31	2215	11106
1224	komórka	27632	1218	7906	1	10	1863	12957
1226	głosowanie	27629.32274365109884914205742	1220	748	1	7	11826	1961
1227	oficer	27568	1221	9072	1	12	5865	4306
1228	kwiat	27528.49090909090909090909091	1222	9001	1	10	1705	14037
1230	ucho	27467.86032977691561590688652	1224	9002	1	12	3143	8009
1232	małżeństwo	27444	1226	11049	1	9	5617	4515
1234	decydować	27365.79099224699124321578391	1228	4137	1	35	3360	7520
1235	babcia	27340	1229	12192	1	10	7275	3424
1236	handlowy	27298.42857142857142857142857	1230	2283	1	11	2684	9308
1237	administracja	27257	1231	880	1	7	2689	9291
1240	maszyna	27201	1234	8451	1	10	2490	9960
1241	kolejka	27191	1235	4355	1	9	4337	5862
1245	pusty	27064.3	1239	7654	1	11	3270	7713
1246	zdrowy	27064	1240	7651	1	31	3977	6395
1248	cywilny	27053	1242	1319	1	11	1816	13267
1250	plac	27023	1244	2907	1	7	7213	3462
1252	umiejętność	26988	1246	4055	1	6	5067	5014
1255	ego	26941	1249	25140	1	1	1790	13419
1256	producent	26908	1250	2507	1	10	4991	5102
1257	pojęcie	26897.52816093316734287897053	1251	10638	1	7	8281	2956
1258	łatwy	26892	1252	8583	1	30	2274	10854
1259	zjawisko	26864	1253	1160	1	8	8088	3025
1261	umierać	26841.55465984119223957823838	1255	17100	1	45	1358	17178
1262	zechcieć	26836	1256	10743	1	33	84	130862
1265	tył	26781.49663761371948513592245	1259	13188	1	10	2996	8367
1267	bronić	26684.66141103120134148890753	1261	7403	1	54	6903	3611
1270	wieść	26650.9201389902037449861304	1264	10484	2	53	3115	8061
1272	współczesny	26607	1266	1156	1	10	2283	10819
1274	tryb	26550.07149227398747552298416	1268	975	1	8	8395	2893
1277	miejscowy	26499	1271	2785	1	11	2032	12014
1278	wrażenie	26486.97185357949108588452597	1272	5047	1	8	26231	823
1279	zdążyć	26451	1273	6206	1	36	1622	14673
1280	zamknięty	26442.46740051193016518751925	1274	9332	1	10	3812	6663
1281	nadzór	26351	1275	1347	1	7	5552	4572
1283	sąsiad	26306	1277	5809	1	10	3056	8223
1289	akurat	26139	1283	5385	1	1	20753	1055
1290	któryś	26132	1284	7229	1	11	5063	5017
1292	gimnazjum	26074	1286	528	1	4	20896	1049
1293	lekcja	26073	1287	8177	1	8	1951	12438
1294	data	26066.51128914785142024763292	1288	4576	1	10	6802	3658
1295	bieg	26061.40292275574112734864301	1289	4378	1	9	6128	4098
1296	otrzymywać	26057.29166666666666666666667	1290	1963	1	40	1777	13500
1297	biec	26053.88073394495412844036697	1291	10405	1	44	1202	19126
1300	dzielić	25975.89757448725876643325005	1294	6226	1	55	2988	8388
1301	serwis	25974	1295	737	1	10	7408	3361
1302	autobus	25947	1296	7713	1	10	4385	5792
1303	reprezentować	25896.43155752867184609692934	1297	3238	1	51	2134	11534
1308	ryba	25740	1302	10565	1	10	2304	10732
1313	rana	25671.91926892289727976955478	1306	15995	1	9	7888	3111
1317	ukrywać	25562.6897507454698371435125	1310	9624	1	54	2115	11617
1319	życzyć	25452.75309892412352569114255	1312	11222	1	38	897	24520
1324	zamek	25381	1317	6883	1	10	6106	4119
1326	napis	25370	1319	13156	1	10	4307	5910
1328	rozkaz	25333	1321	16113	1	10	4260	5994
1329	kontrakt	25321.5	1322	4381	1	10	7125	3506
1330	odnaleźć	25295.3815262577581068076535	1323	10710	1	55	5312	4767
1331	rolnik	25295	1324	753	1	10	3233	7794
1335	zabijać	25196.65334144240855452052027	1328	16536	1	57	1598	14885
1336	popularny	25190	1329	2970	1	30	2967	8443
1338	usta	25089	1331	11449	1	5	10148	2339
1339	tani	25047.01459854014598540145985	1332	4197	1	30	1300	17863
1340	panować	25019.87528425672556558757866	1333	3891	1	40	1025	21959
1342	kształt	25009	1335	3075	1	10	8837	2742
1343	utrzymywać	24992.45826079192893174411856	1336	4439	1	54	2328	10605
1345	obrót	24929	1338	1981	1	10	2982	8408
1346	odcinek	24923	1339	5230	1	10	5343	4737
1347	zdecydowanie	24922.45610561056105610561056	1340	5788	2	5	18866	1170
1348	emocja	24899	1341	4017	1	8	159	86910
1350	bok	24861.17872876022655758338577	1342	6462	1	9	5969	4218
1351	rodzic	24849.09414404845847284277281	1343	6261	1	9	1295	17925
1354	obudzić	24805.78926237161531279178338	1346	16339	1	47	1289	18008
1356	test	24756.45801526717557251908397	1348	11501	1	10	3960	6433
1357	uczelnia	24736	1349	1702	1	8	2401	10313
1359	seks	24682	1351	15168	1	7	4874	5222
1360	kino	24679	1352	4532	1	8	5019	5068
1362	majątek	24668	1354	1996	1	9	6892	3618
1364	cecha	24633.20154446466179376899139	1356	2037	1	8	1573	15081
1366	zdrowotny	24620	1358	884	1	9	322	53635
1367	procedura	24543	1359	2979	1	9	3804	6677
1368	czoło	24536	1360	5171	1	8	5243	4828
1369	kontrolować	24529.75044062733383121732637	1361	8363	1	66	3156	7977
1370	boisko	24512	1362	2791	1	8	4881	5212
1371	siedziba	24431	1363	1190	1	8	3487	7278
1372	zbliżać	24407.76337226603184049992561	1364	9860	1	37	577	34706
1373	przebywać	24386.40255372158206166303333	1365	3810	1	39	2013	12111
1376	ostry	24346.66666666666666666666667	1368	5927	1	29	3078	8151
1378	gorący	24343.86905577201534521629306	1370	10194	1	30	2005	12155
1379	umysł	24343.25806451612903225806452	1371	10541	1	10	4546	5598
1380	kartka	24336	1372	3386	1	10	2741	9126
1382	teoria	24276	1374	6514	1	9	4137	6163
1384	piąty	24262	1376	4708	1	10	3641	6958
1386	występ	24236	1378	4070	1	10	7201	3469
1389	podlegać	24197	1381	1114	1	34	1729	13856
1395	plecy	24069	1387	8220	1	5	4758	5353
1399	obejrzeć	23951.48548123119159495274801	1391	8200	1	41	6873	3625
1402	poniedziałek	23830	1394	3931	1	6	14830	1502
1404	reakcja	23800	1396	3991	1	8	4033	6307
1406	brzeg	23741	1398	3333	1	10	4032	6308
1407	finał	23671	1399	1754	1	9	6128	4099
1412	zdarzenie	23604.61679333257184351098267	1404	1688	1	8	4299	5933
1413	hasło	23594	1405	2491	1	9	6388	3926
1418	doskonały	23563.9	1410	8088	1	28	2773	9035
1421	zabawny	23531	1413	18249	1	28	837	25910
1423	wojenny	23466	1415	3842	1	11	2375	10401
1425	księga	23429.86259541984732824427481	1417	4224	1	10	3209	7844
1429	edukacja	23380	1421	1350	1	5	2674	9352
1430	uczucie	23342.73527064504131086231966	1422	9480	1	7	6470	3877
1432	uśmiech	23261.81701030927835051546392	1424	5345	1	9	6275	4003
1436	poruszać	23132.03193894855850763143018	1428	5205	1	51	2867	8759
1437	posiedzenie	23127.13399567184733425142632	1429	397	1	7	8228	2986
1441	rysunek	23046	1433	1735	1	9	10274	2310
1442	argument	23003	1434	1317	1	10	5047	5034
1443	muzyczny	22983	1435	1709	1	11	2579	9662
1444	cień	22980.70245254097394175215187	1436	5953	1	11	5485	4629
1445	nim	22971.76850600097006222845997	1437	9371	1	1	140640	111
1446	ciemny	22968.45436893203883495145631	1438	5280	1	28	1908	12692
1448	codziennie	22933	1440	6609	1	1	16321	1353
1450	prasa	22908	1442	3619	1	7	5024	5061
1451	odszkodowanie	22902	1443	832	1	8	5916	4270
1452	teza	22881	1444	5491	1	9	2136	11518
1455	ekipa	22833	1447	5004	1	10	5560	4565
1456	euro	22817	1448	1017	1	1	21802	1003
1459	przynosić	22747.09969908140639847956922	1451	5604	1	46	1392	16793
1460	fala	22639.7441998810232004759072	1452	5718	1	10	4307	5909
1461	wzrok	22635	1453	3978	1	6	8465	2865
1462	misja	22627	1454	11177	1	9	1900	12732
1468	przeciwnik	22579	1460	3700	1	10	1956	12412
1469	dwadzieścia	22571	1461	3755	1	5	12337	1864
1471	cisza	22567.71131008735999261009536	1463	7024	1	6	7723	3196
1473	przygotowanie	22550.48362485254679844307091	1465	1947	1	8	10035	2373
1478	zeszły	22448.67080745341614906832298	1470	10932	1	7	700	29896
1481	leczyć	22401.88617267221731712214091	1473	4672	1	57	2924	8579
1484	wiatr	22375.48471241044893792285327	1476	6329	1	10	10935	2148
1486	wschód	22333	1478	5523	1	9	5723	4406
1488	zmierzać	22288.5	1480	6294	1	35	913	24162
1490	wymiana	22267.41496536697993561185002	1482	2639	1	7	4714	5402
1493	ostateczny	22252	1485	3334	1	10	3068	8188
1494	szczyt	22247	1486	5208	1	10	4696	5420
1495	lód	22219.16666666666666666666667	1487	10787	1	11	2158	11387
1499	kamera	22100	1491	10556	1	10	1690	14139
1500	rzadko	22079	1492	2860	1	3	14508	1540
1501	biblioteka	22052	1493	3175	1	8	3916	6502
1502	powtórzyć	22043.48857436953165208440556	1494	8137	1	37	3525	7195
1506	dział	22006.81497474687101011179661	1498	2934	1	11	4983	5112
1508	sądowy	21894.96928327645051194539249	1500	2102	1	11	1616	14725
1510	egzamin	21873	1502	3393	1	10	6070	4148
1514	osobiście	21806	1506	6669	1	1	15135	1467
1515	obrońca	21778	1507	2485	1	10	5242	4830
1517	opowieść	21733	1509	4839	1	6	6520	3841
1518	obiecywać	21725.90373616875099270019773	1510	13645	1	43	318	54011
1519	ekspert	21703	1511	3364	1	10	3204	7860
1521	zainteresowanie	21684.6147786037491919844861	1513	1496	1	8	12695	1801
1523	więzienie	21597.11554944120280751409244	1515	9028	1	7	2041	11967
1525	bezpośrednio	21575	1517	2106	1	1	19469	1124
1526	atmosfera	21556	1518	2833	1	8	5825	4338
1527	brama	21550	1519	5186	1	9	1842	13081
1528	pozytywny	21544	1520	1982	1	13	2679	9330
1529	gaz	21515.48415854739316985599376	1521	5669	1	9	5086	4992
1536	utwór	21417	1528	1055	1	9	3726	6807
1538	medal	21414	1530	2273	1	9	7762	3178
1539	przejmować	21373.06322140040160062407003	1531	11766	1	47	1462	16085
1541	spadek	21346	1533	1439	1	9	9485	2526
1542	przeciwny	21343	1534	3936	1	11	5630	4504
1543	ograniczenie	21299.41657084627381657084628	1535	1093	2	8	7006	3554
1544	ogród	21285	1536	3888	1	10	4113	6198
1548	śnieg	21219	1540	3590	1	8	6636	3762
1551	wzór	21182	1543	2484	1	10	6649	3755
1553	rezultat	21136	1545	2242	1	10	3382	7475
1555	pobyt	21098.76923076923076923076923	1547	2831	1	8	6097	4126
1556	poszukiwać	21097.88988780952466056545685	1548	3716	1	47	1097	20714
1560	niesamowity	21033	1552	15560	1	11	970	23015
1561	słodki	21029	1553	14354	1	31	1201	19149
1564	technika	21000.60543853800460661898412	1556	3336	1	7	3536	7171
1566	wymyślić	20953.46506411244317473024868	1558	9360	1	51	1573	15086
1568	prezent	20946.87409858429640846871584	1560	12054	1	10	3578	7082
1570	handel	20938.57142857142857142857143	1562	2361	1	7	5401	4696
1571	wóz	20882	1563	9644	1	10	3521	7199
1572	pokolenie	20876	1564	2747	1	8	4457	5702
1573	strzał	20870.73957127080892068101705	1565	7587	1	11	4604	5531
1574	dołączyć	20868.29158290144291361576814	1566	8672	1	46	2404	10295
1576	kiedykolwiek	20855	1568	15873	1	1	4982	5115
1577	niezwykły	20816	1569	6107	1	11	2101	11678
1578	pierś	20803	1570	5512	1	6	2068	11834
1579	krzyż	20795	1571	2428	1	10	5809	4346
1580	stawka	20789.3733664179297808698179	1572	2253	1	7	3246	7766
1582	plik	20779.8108583127973923372587	1574	1666	1	9	4423	5743
1588	dźwięk	20728	1580	6504	1	9	4979	5119
1590	potężny	20711	1582	6372	1	33	2777	9020
1591	wybrany	20679.39295070944051065006644	1583	2083	1	11	5346	4733
1592	biznes	20652	1584	5829	1	10	4499	5649
1593	ostatecznie	20628	1585	2056	1	1	18571	1192
1594	działka	20620.13974001857010213556175	1586	2460	1	9	2041	11962
1597	więzić	20603.82835223362668031750807	1589	8795	1	37	71	144844
1599	śledztwo	20578	1591	5846	1	8	6670	3743
1600	zbrodnia	20571	1592	8708	1	10	1389	16835
1603	odchodzić	20536.52842105263157894736842	1595	9696	1	43	613	33105
1604	wprawdzie	20508	1596	391	1	1	20115	1088
1605	kula	20506.0296303250969119470917	1597	10137	1	10	2473	10024
1607	fabryka	20464	1599	4056	1	10	3333	7577
1609	kłamać	20454.20911586115564658209442	1601	15704	1	44	861	25324
1610	wykazać	20439.92156862745098039215686	1602	2499	1	36	3925	6485
1613	narkotyk	20370	1605	9519	1	9	708	29588
1614	dorosły	20363.49894736842105263157895	1606	4158	1	14	1793	13406
1615	zimny	20362.02205486820871436256052	1607	6556	1	28	2294	10779
1616	chęć	20328	1608	4173	1	6	9157	2623
1622	udzielać	20243.20444695684944413039382	1614	1453	1	40	1905	12710
1625	gabinet	20219	1617	3662	1	9	3222	7810
1626	mylić	20183.21420222092343658679135	1618	11863	1	49	1347	17289
1627	wejście	20147.10707761208911411903325	1619	3265	1	6	8288	2952
1630	dupa	20115	1622	16627	1	10	529	37021
1632	wizja	20077	1624	4302	1	9	3804	6679
1635	aresztować	20048.62449076010014789445583	1627	10603	1	50	586	34263
1636	strasznie	20046.69230769230769230769231	1628	10345	1	3	9682	2465
1638	szalony	20039	1630	14300	1	13	1692	14130
1640	oskarżony	20001.73925590730146805731183	1632	2587	1	11	6076	4139
1642	pałac	19960	1634	2823	1	9	5246	4825
1646	pobliże	19875	1638	6529	1	4	478	39974
1653	poddać	19810.61051025183947778969684	1645	8334	1	49	3276	7702
1654	prawnik	19801	1646	9501	1	10	2577	9667
1655	sektor	19800	1647	2085	1	9	2980	8412
1659	ulubiony	19770.65614873534060466399842	1651	9302	1	16	1496	15784
1660	wypłata	19766.14285714285714285714286	1652	1702	1	9	1937	12524
1661	komendant	19765	1653	2056	1	9	8572	2826
1663	wysiłek	19757	1654	2442	1	9	3993	6374
1666	papież	19692	1657	1803	1	9	7142	3504
1676	wspomnienie	19571.23226223871200178808907	1667	6055	1	8	3239	7781
1678	masa	19558	1668	3840	1	10	2874	8737
1679	widzenie	19557.69098897277235442189175	1669	6836	1	8	1168	19606
1680	odpowiednio	19552	1670	1482	1	1	18072	1218
1681	regulamin	19540	1671	986	1	9	4511	5640
1682	połączenie	19526.09873566013834807771153	1672	3148	1	8	8080	3026
1683	niedługo	19518	1673	9985	1	1	9534	2513
1687	pas	19480.7730806149089587757271	1677	5225	1	11	5508	4608
1688	lot	19467	1678	7924	1	10	3854	6591
1689	planeta	19454.05687032964815613963024	1679	12916	1	9	909	24240
1693	fajny	19320	1683	11544	1	32	1836	13130
1697	mnóstwo	19242	1687	8651	1	7	9587	2499
1703	ranny	19189	1693	8429	1	11	2503	9919
1704	kradzież	19184	1694	4337	1	7	3640	6960
1705	kieszeń	19179	1695	5273	1	7	918	24045
1710	wyjście	19105.45342774304505275376693	1700	7091	1	7	4814	5292
1711	uprawnienie	19093.92424242424242424242424	1701	547	1	6	1770	13556
1712	dotykać	19084.81637711508405755419025	1702	11032	1	53	984	22725
1715	złodziej	19065	1705	5971	1	11	2797	8965
1716	lato	19037.36739469578783151326053	1706	3431	1	5	5428	4676
1718	żart	19005.432	1708	10148	1	10	2726	9185
1719	zajęty	18999.31211341310949207865261	1709	11692	1	11	2304	10734
1723	kilometr	18984	1713	3857	1	8	1262	18324
1724	niespodzianka	18977	1714	9912	1	9	2015	12096
1728	równy	18895.26335597997319065568324	1718	2732	1	19	1986	12266
1733	samotny	18856.69822485207100591715977	1723	8977	1	23	2104	11664
1737	zewnętrzny	18818	1726	2078	1	11	1518	15602
1740	głęboko	18806	1729	5180	1	3	10460	2262
1743	interesujący	18785.37315893982492492959615	1732	6561	1	9	2235	11009
1744	silnik	18771	1733	6462	1	10	3847	6607
1746	organizm	18740	1734	2258	1	10	4901	5194
1747	prowadzenie	18728.39637681803301406482578	1735	1043	1	4	14170	1587
1748	opis	18726	1736	1627	1	10	7502	3317
1751	seksualny	18697	1739	4341	1	11	788	27217
1757	szczerze	18663.93282085561497326203208	1745	8989	1	3	9578	2503
1759	modlitwa	18623	1747	3224	1	10	2664	9388
1763	weekend	18608.2	1751	8026	1	10	6974	3568
1764	ha	18599	1752	8553	1	1	10010	2378
1766	lekki	18566	1754	3307	1	21	2618	9534
1767	gracz	18537	1755	3616	1	10	3045	8247
1768	tym	18511.43440633049795222475491	1756	6251	1	1	740858	20
1771	cud	18483.84435976867908049332777	1759	7184	1	11	4344	5852
1772	śmieszny	18474	1760	12171	1	29	992	22581
1776	ekran	18461	1763	2474	1	9	3000	8354
1777	nóż	18436	1764	8272	1	10	3715	6822
1783	zmęczony	18350.30332749234898100572554	1770	9141	1	11	3415	7412
1784	dumny	18342	1771	11359	1	20	2727	9178
1788	pełnić	18235.84217735286420307944772	1775	691	1	38	2983	8406
1789	poczta	18234.58316555780200480842431	1776	3805	1	8	2565	9706
1790	południowy	18206	1777	4746	1	11	1056	21411
1791	urządzić	18165.8070065969104834904122	1778	4812	1	44	1398	16727
1792	przyjaciółka	18164	1779	12768	1	10	1531	15478
1794	marka	18160.1232397519421496854501	1781	1816	1	8	12495	1840
1795	towarzysz	18149.87413010682044918120544	1782	5159	1	11	2148	11445
1797	smutny	18124	1784	8362	1	28	1996	12203
1802	nastrój	18048	1789	4462	1	9	4613	5520
1807	ktokolwiek	18000	1794	11944	1	4	2929	8563
1812	zostawiać	17908.67107641147979469384804	1799	9885	1	55	785	27312
1817	nieznany	17847.43985027889379799081085	1804	2941	1	11	3739	6788
1818	kąt	17838	1805	2479	1	10	2733	9151
1819	dziura	17810	1806	7511	1	10	1844	13065
1823	złoto	17696.64337618781442146450531	1810	7013	2	6	4143	6154
1824	mapa	17682	1811	5858	1	9	1577	15054
1827	porucznik	17652	1814	12151	1	9	2879	8726
1828	kadra	17643.81804880373653607854352	1815	551	1	8	2653	9417
1829	publiczność	17642	1816	1771	1	3	6763	3678
1833	wyobrażać	17562.68181818181818181818182	1820	6749	1	40	508	38195
1836	pilnować	17521.83165680473372781065089	1823	8323	1	55	2213	11119
1848	wprowadzenie	17430.9345877439373539471037	1835	418	1	5	16010	1384
1849	załoga	17429.82398071811506059377393	1836	5639	1	10	3122	8049
1853	przód	17346.37662337662337662337662	1840	7278	1	8	1678	14227
1855	utrata	17321	1842	2415	1	8	2900	8646
1859	morderstwo	17263	1846	13594	1	9	1294	17934
1868	zależność	17164	1855	520	1	4	2085	11755
1875	talent	17101	1862	5588	1	11	4519	5628
1876	magazyn	17088	1863	5789	1	10	2882	8710
1880	kot	17075.1646059050493330879566	1867	6190	1	9	4897	5197
1882	łącznie	17064	1869	960	1	1	16103	1373
1890	tajny	17011.09756097560975609756098	1877	6384	1	16	773	27625
1893	zerwać	17005.47742733301542710269561	1880	6501	1	46	1533	15464
1894	wpływać	17004.29226006191950464396285	1881	1948	1	35	2373	10409
1900	widoczny	16924	1887	1472	1	11	3285	7684
1903	skarga	16882	1890	1915	1	9	1874	12897
1907	chłop	16834	1894	4457	1	11	3039	8259
1909	ograniczać	16820.44782608695652173913043	1896	1008	1	49	2043	11954
1910	dowódca	16807	1897	5716	1	10	4224	6043
1911	męski	16804	1898	4351	1	12	1862	12964
1921	kumpel	16693.42857142857142857142857	1908	12679	1	13	927	23862
1924	wpisać	16668.96727272727272727272727	1911	2024	1	42	2723	9192
1927	zgodny	16640	1914	1194	1	10	2459	10082
1932	żałować	16596.14318181818181818181818	1919	7955	1	40	1197	19203
1933	zdolny	16593	1920	5226	1	27	2789	8988
1934	grzech	16592	1921	4783	1	9	3085	8139
1937	schody	16553	1924	4705	1	5	3502	7241
1938	cykl	16551	1925	1116	1	9	5613	4520
1940	rower	16511.5	1927	3511	1	9	3650	6945
1942	wykonanie	16472.61930264673911023956536	1929	1126	1	7	9511	2521
1944	wisieć	16441.33333333333333333333333	1931	5255	1	39	338	51833
1948	wino	16401.99016512062455296002839	1935	7290	1	7	5169	4903
1954	przemoc	16367.22424242424242424242424	1941	4245	1	4	3076	8161
1955	poszukiwanie	16367.06921558243624970090912	1942	3578	1	8	3461	7321
1956	ćwiczenie	16360.51427284878027860966771	1943	2949	1	8	3796	6693
1957	wytrzymać	16350.98285714285714285714285	1944	7761	1	35	2546	9763
1961	nocny	16323	1948	4567	1	11	1647	14466
1963	zaangażować	16303.09363430482577374094339	1950	2688	1	51	787	27257
1964	premiera	16299.36961425850714042797338	1951	1177	1	7	21768	1006
1968	ucieczka	16247	1955	6022	1	10	2102	11673
1973	temperatura	16216	1960	3363	1	9	3965	6420
1976	pijany	16181.39898755154106052575852	1963	6524	1	11	3890	6546
1978	realny	16171	1965	1329	1	15	1927	12580
1980	wyjaśnienie	16148.53656732531765945510719	1967	2064	1	8	5278	4793
1983	niezależnie	16115	1970	1627	1	1	14489	1543
1986	zarazem	16057	1973	686	1	1	15371	1448
1987	oświadczenie	16045.49369660212376573630467	1974	1407	1	8	9057	2669
1990	opisywać	16025.425	1977	1451	1	48	729	28939
1993	tempo	15994	1980	2223	1	7	5153	4920
1994	sekcja	15989	1981	3859	1	8	2380	10390
1997	urodziny	15961	1984	9297	1	5	3286	7678
1998	zastrzelić	15959.06688892218559584457097	1985	12583	1	46	419	44212
1999	porozumienie	15948.66476048408433436862432	1986	842	1	8	7945	3076
2000	wygląd	15948	1987	3534	1	8	6209	4050
2005	zimno	15909.97794513179128563743948	1992	7470	2	8	6034	4182
2006	przysługiwać	15909	1993	215	1	16	458	41326
2009	znajomość	15867	1996	2023	1	6	5913	4271
2014	zgubić	15796.77988038223339334035303	2001	11256	1	47	831	26062
2015	odległość	15793	2002	3307	1	5	5069	5011
2018	policyjny	15767	2005	3852	1	11	1814	13282
2025	ubranie	15715.85064939255291344480549	2012	7734	1	8	2894	8671
2027	rozmiar	15710	2014	3933	1	10	2258	10918
2028	bitwa	15703	2015	5804	1	10	1887	12805
2029	awans	15685	2016	2103	1	10	7807	3149
2030	fałszywy	15679	2017	5415	1	13	1370	17038
2037	północny	15642	2024	4692	1	10	1162	19696
2038	zamówić	15639.06459631907008086253369	2025	6991	1	45	1528	15508
2039	salon	15630	2026	3649	1	10	2709	9229
2045	łazienka	15608	2032	7259	1	9	818	26430
2047	lotnisko	15587	2034	6166	1	8	2369	10428
2048	skok	15575	2035	3555	1	8	4146	6149
2056	faktycznie	15478	2043	3667	1	1	11814	1964
2058	strój	15464.19069985908877407233443	2045	4432	1	9	2771	9039
2062	wiec	15404	2048	9264	1	8	4463	5694
2067	fotografia	15393.77348066298342541436464	2053	1372	1	7	1842	13083
2069	morderca	15353	2055	10188	1	10	1371	17033
2075	wieża	15337	2060	4372	1	9	2297	10763
2077	lęk	15329.3125	2062	1766	1	9	5920	4264
2079	komentarz	15316	2064	1716	1	8	4821	5285
2081	wskaźnik	15312	2066	776	1	9	6060	4163
2091	nienawidzić	15227.72464649205465365897752	2076	11818	1	55	421	43984
2094	ciemność	15166	2079	5364	1	6	2898	8654
2095	atrakcyjny	15164.4	2080	2262	1	19	1665	14325
2097	szary	15154.25714285714285714285714	2082	2120	1	11	1978	12304
2098	tor	15141.36091758397223152566	2083	3090	1	9	3004	8345
2099	aktualny	15137	2084	1413	1	15	2122	11579
2100	tatuś	15121	2085	11477	1	11	1722	13907
2102	ćwiczyć	15115.4857271512197213903323	2087	5221	1	48	1572	15094
2107	umówić	15039.00708061002178649237472	2092	7630	1	50	1108	20540
2111	nowo	15015	2096	1954	1	1	13062	1746
2113	węgiel	14986.92666666666666666666667	2098	1593	1	9	3254	7743
2115	winny	14955.23893737412291071162054	2100	5896	1	11	3380	7479
2116	przygoda	14953	2101	3392	1	10	2715	9211
2125	dług	14830.41629768922050766208152	2110	3211	1	10	3269	7714
2128	prędkość	14801	2113	4325	1	5	3548	7145
2130	szeroko	14794	2115	1368	1	3	9743	2452
2131	wyprawa	14776	2116	2232	1	9	2407	10285
2134	ojczyzna	14748	2119	1695	1	8	2146	11452
2135	upadek	14748	2119	2641	1	9	3836	6627
2136	rejestr	14729	2120	971	1	9	2381	10381
2142	pośrednictwo	14701	2126	183	1	4	919	24030
2143	lud	14697.81214738841631054871129	2127	3312	1	11	3195	7883
2145	aktywność	14678	2129	1325	1	4	4990	5103
2152	powyżej	14608	2135	1073	2	1	13532	1675
2153	kłamstwo	14605	2136	8468	1	9	2163	11361
2158	zmarły	14553.05210918114143920595534	2141	3213	1	9	1356	17210
2161	adwokat	14537	2144	6166	1	11	2687	9295
2164	zajść	14530.45106108227353042496874	2147	6533	1	36	1013	22225
2165	skrzydło	14514	2148	4274	1	9	1357	17189
2167	zabójstwo	14501	2150	7129	1	9	2310	10703
2168	zwycięzca	14490	2151	3628	1	10	2556	9733
2170	malować	14473.65314374597290673056971	2153	3278	1	52	1324	17557
2182	instytut	14387	2165	1284	1	6	5065	5016
2184	niezbyt	14371	2166	4020	1	1	10350	2286
2185	absolutnie	14354	2167	5067	1	1	9285	2590
2190	edycja	14333	2172	351	1	6	4035	6302
2193	księżyc	14315.89189189189189189189189	2175	7236	1	10	3112	8068
2202	tworzenie	14196.0267206340560041865712	2184	570	1	5	10177	2331
2205	pokład	14154.23482910950941641478726	2187	8081	1	9	1604	14838
2212	zatrzymywać	14083.30957970042477084730606	2194	5266	1	50	786	27285
2214	ładnie	14065	2196	7604	1	3	5839	4322
2218	lewa	14049.9962402896237673047525	2200	6679	1	7	1542	15373
2221	denerwować	14003.9496567505720823798627	2203	6940	1	39	811	26579
2222	godny	14003.64705882352941176470588	2204	3155	1	24	1617	14713
2233	doczekać	13940.33333333333333333333333	2215	5420	1	24	2230	11040
2242	trójka	13846.81785714285714285714286	2224	3742	1	10	3203	7864
2243	portfel	13844	2225	3359	1	10	2932	8554
2245	odkąd	13819	2227	9739	1	1	4080	6246
2248	dzieciństwo	13813	2230	3392	1	7	2000	12184
2258	istnienie	13749.52222528907839475987841	2240	1874	1	8	6813	3653
2259	siódmy	13744	2241	2878	1	10	1534	15449
2262	galeria	13722	2244	1400	1	8	3032	8279
2266	pogotowie	13681	2248	2157	1	5	4332	5869
2276	trawa	13598.26829268292682926829268	2257	2784	1	10	1543	15367
2279	pilot	13590	2260	6660	1	11	2178	11289
2280	tędy	13582	2261	11223	1	1	2359	10477
2284	ludność	13525	2265	717	1	3	3344	7554
2288	ostrożnie	13464	2269	7071	1	3	6089	4133
2290	rozbić	13460.68927648578811369509044	2271	5529	1	48	836	25928
2298	stolik	13421	2279	3681	1	9	1863	12958
2299	telewizor	13413	2280	3664	1	9	3633	6976
2304	samochodowy	13389.2	2285	2389	1	11	1772	13540
2308	status	13362	2289	1357	1	8	7041	3542
2311	basen	13332	2292	4293	1	9	3345	7552
2319	zapalić	13269.5108787193874049970379	2300	5051	1	37	1081	20997
2324	rocznie	13230	2305	1192	1	1	12039	1918
2327	moda	13209.07407407407407407407407	2308	2916	1	9	3320	7607
2329	biurko	13185	2310	4352	1	7	1738	13788
2339	ciężarówka	13133	2320	6754	1	10	915	24112
2341	wsparcie	13116.68189789094677120369315	2322	3291	1	6	8102	3022
2345	robotnik	13090.80533333333333333333333	2326	1435	1	10	1339	17367
2348	dokładny	13068	2329	2901	1	29	1325	17536
2349	ścigać	13066.56012974393534442770918	2330	5960	1	58	1075	21104
2357	przedstawienie	13011.09622062927362541573898	2338	2866	1	8	8002	3057
2358	podwójny	13007	2339	4443	1	11	942	23545
2362	plaża	12998	2343	5736	1	9	979	22839
2364	początkowo	12964	2345	623	1	1	12339	1863
2365	rocznica	12956	2346	2162	1	7	1968	12356
2367	miliard	12927	2348	2928	2	10	1447	16241
2373	krąg	12870.30675455563473480606739	2354	2171	1	9	3258	7736
2376	koszula	12858	2357	4782	1	10	960	23186
2381	port	12783.09007385581464234646509	2362	2643	1	8	2666	9378
2383	poezja	12765	2364	1569	1	7	2433	10179
2384	dworzec	12747	2365	1100	1	8	2969	8438
2385	zamordować	12742.07441314553990610328639	2366	6780	1	41	302	56174
2392	niewątpliwie	12720	2373	651	1	1	12071	1913
2395	cichy	12709	2376	3094	1	26	2330	10588
2400	tożsamość	12687	2381	3074	1	5	3356	7533
2404	równocześnie	12654	2385	480	1	1	12172	1895
2405	wizerunek	12652	2386	1256	1	9	5018	5072
2409	przenosić	12625.15313311086392287727104	2390	2990	1	49	1070	21191
2410	front	12622.66666666666666666666667	2391	2766	1	9	2892	8675
2413	cytat	12591.40165912518853695324284	2394	702	1	8	9987	2383
2416	łaska	12585	2397	2382	1	10	1011	22259
2420	www	12570	2401	5223	1	1	7346	3393
2435	piasek	12470	2416	2807	1	8	2703	9248
2437	naprawa	12466.55010660980810234541578	2418	2709	1	9	1371	17034
2440	wilk	12436	2421	4424	1	11	3443	7358
2442	przysięgać	12409.70526315789473684210526	2423	10661	1	30	119	105076
2447	dziennie	12357	2428	2874	1	1	9482	2527
2460	niepokój	12229.79530341008997549523934	2441	1302	1	10	5420	4685
2466	stale	12205	2447	1451	1	1	10754	2196
2477	warta	12158.72709052322632379887512	2458	3362	1	7	6654	3753
2478	laboratorium	12151	2459	6227	1	6	4013	6333
2480	cukier	12145	2461	3331	1	6	2639	9461
2485	ciężar	12124	2465	2101	1	10	4571	5567
2487	kwalifikacja	12109	2467	887	1	8	327	52994
2494	jasno	12078	2474	3880	1	3	7556	3289
2501	cela	12033.57755459586499174447868	2481	4158	1	10	797	26941
2504	oddech	12020	2484	4696	1	8	4369	5807
2506	wyrwać	12015.96246240562104524905021	2486	4146	1	46	2218	11093
2513	pogrzeb	11967.52752613240418118466899	2493	5399	1	10	2651	9421
2518	znaczący	11957.50719702782948704864236	2498	1327	1	10	2446	10127
2522	obietnica	11946	2502	4023	1	9	699	29911
2537	zaufanie	11865.57156868128452213121041	2517	2539	1	5	6827	3649
2542	ponowny	11815	2521	1233	1	11	521	37482
2545	powstanie	11782.27171874434266265976321	2524	427	1	7	14928	1494
2548	interpretacja	11764	2527	520	1	7	2380	10387
2551	zło	11760	2530	4296	1	4	4942	5160
2555	orzeczenie	11745.33539183115106507719367	2534	210	1	7	4614	5519
2563	leczenie	11666.11382732778268287785909	2542	1667	1	7	6552	3818
2564	siadać	11666.09900011234692731153803	2543	11650	1	36	552	35868
2570	ściśle	11637	2549	1399	1	3	8280	2958
2575	łeb	11602	2554	4882	1	9	3950	6448
2579	ogłoszenie	11587.80957316210712846502219	2558	1273	1	7	4233	6031
2582	bramkarz	11565	2561	534	1	9	4392	5784
2583	przekaz	11564	2562	1417	1	9	2111	11641
2586	worek	11541	2565	3345	1	9	2134	11536
2590	krowa	11527.50583657587548638132296	2569	4317	1	10	1151	19866
2596	honor	11463.23287671232876712328767	2575	5016	1	9	2493	9948
2601	mina	11433.3465289754028687972847	2580	5886	1	8	823	26282
2602	popularność	11430	2581	544	1	3	4653	5470
2606	krzyk	11372	2585	2943	1	8	3760	6755
2608	oficjalnie	11346	2587	2733	1	1	8612	2815
2609	orzeł	11344	2588	2649	1	10	4218	6050
2610	mieszać	11336.52696228116620217359947	2589	4948	1	54	959	23208
2614	przestawać	11304	2593	3581	1	29	48	181400
2623	dwójka	11223.05454545454545454545455	2602	4341	1	9	1805	13328
2626	autostrada	11205	2605	2436	1	8	786	27260
2635	wdzięczny	11152	2614	6083	1	16	1891	12785
2649	kochany	11095.79007022504020465240895	2627	4692	1	10	2843	8820
2655	odrobina	11087	2633	5478	1	6	866	25220
2657	wypełniać	11063.29629486428148977463607	2634	1958	1	41	1154	19830
2659	serial	11060	2636	2814	1	9	2180	11278
2669	pasja	10992	2646	1815	1	8	1975	12318
2671	królestwo	10984	2648	3814	1	9	1822	13226
2678	napastnik	10948.21126760563380281690141	2654	1160	1	10	3335	7574
2683	jajko	10896	2659	5187	1	8	1299	17871
2685	gotówka	10892	2660	4561	1	6	546	36130
2686	przemiana	10887.26086956521739130434783	2661	1072	1	9	779	27468
2692	podanie	10834.16286673060673472296201	2667	1372	1	8	8999	2690
2693	sprzedawca	10824	2668	2169	1	10	2502	9923
2695	medycyna	10812	2670	2240	1	6	1578	15045
2696	płaca	10795.43473758316534074663194	2671	826	1	9	976	22900
2704	eksperyment	10760	2679	3567	1	10	2134	11529
2708	sukienka	10714.09795810247014414692832	2683	5894	1	8	766	27829
2709	zasługa	10714	2684	1405	1	9	2086	11745
2712	nieszczęście	10697	2687	2245	1	8	3109	8077
2714	brzuch	10693.66432499158343620244641	2689	3334	1	9	4085	6237
2715	równowaga	10692	2690	2304	1	6	937	23643
2716	przesłuchanie	10673.16071845363727949775086	2691	3267	1	8	2967	8444
2719	archiwum	10658	2694	1264	1	6	6272	4005
2723	pożarny	10622	2698	507	1	5	1	1459602
2726	deska	10609	2701	2608	1	10	613	33092
2727	ławka	10606	2702	1271	1	9	431	43307
2732	kostka	10572	2707	2860	1	10	1113	20443
2738	niczym	10553.1	2713	3255	1	1	24328	894
2739	zasięg	10552.33333333333333333333333	2714	3558	1	3	2640	9460
2740	przegląd	10549	2715	683	1	9	4364	5817
2741	wykonywanie	10543.15170162645497454365669	2716	293	1	4	4746	5368
2743	opanować	10526.84994974835505480043558	2718	2829	1	41	2432	10183
2755	naprzód	10455	2730	6335	1	1	4127	6179
2757	głąb	10453.05201081041964134122684	2732	2427	1	15	4292	5946
2758	mebel	10453	2733	1828	1	9	426	43616
2759	emocjonalny	10428	2734	1787	1	11	1136	20113
2768	lekarstwo	10374	2743	5157	1	9	1655	14404
2776	dziesiątka	10311.49668391178506785443202	2750	1486	1	10	457	41361
2777	zapas	10303.38775510204081632653061	2751	3352	1	10	1574	15080
2778	kluczowy	10301.375	2752	1248	1	11	610	33237
2779	doba	10298	2753	1737	1	8	431	43240
2781	niedaleko	10293	2755	4246	1	1	6052	4169
2785	zatrudnienie	10273.05550183184741418620375	2759	338	1	6	5977	4214
2791	satysfakcja	10240	2765	899	1	5	1080	21014
2795	władca	10223	2769	2746	1	9	2006	12153
2796	kosz	10215	2770	2870	1	10	1320	17601
2798	zamówienie	10207.93540368092991913746631	2772	1468	1	8	3088	8131
2800	kopia	10204.87909917210897103091377	2774	3479	1	9	1246	18535
2802	dramat	10188	2776	1029	1	9	4218	6048
2807	kolumna	10149	2781	1302	1	10	1213	18982
2809	zapłata	10142	2783	2028	1	6	558	35575
2824	uznanie	10074.55085077802183237912739	2797	718	1	4	6458	3882
2826	nastawić	10055.49642060462522198633292	2799	2310	1	39	328	52902
2827	dzieje	10027.56335152463458382627943	2800	1293	1	4	31599	674
2829	napad	10007	2802	4108	1	10	1334	17428
2831	ciasto	10003	2804	4931	1	8	2139	11495
2832	słabość	10001	2805	2820	1	6	2639	9463
2833	smutek	9994	2806	3037	1	9	2667	9373
2851	powiązać	9890.148122359071397871069657	2824	2805	1	49	450	41866
2856	taksówka	9852	2829	5107	1	10	527	37163
2861	ledwo	9801	2834	3854	1	1	5947	4242
2863	niepotrzebny	9787	2836	1858	1	11	1203	19112
2867	instrukcja	9773	2840	2417	1	9	1365	17089
2872	lustro	9749.545770714330881268047973	2845	3263	1	5	2051	11914
2874	mila	9739.500008776985766632750986	2847	9141	1	9	668	31021
2877	uzasadniony	9732.943675551028492204962793	2850	468	1	9	1153	19839
2880	dysk	9726.963299462044231918708906	2853	1911	1	8	1964	12374
2889	zaszczyt	9685	2862	4259	1	9	4132	6173
2892	ledwie	9675	2865	2147	1	1	7528	3307
2895	zemsta	9651	2868	4740	1	9	1306	17794
2896	płeć	9644	2869	1569	1	6	2219	11089
2898	ostro	9639	2871	2483	1	3	6524	3838
2902	dama	9618.163122809929412049413506	2875	6025	1	10	1650	14447
2905	młodość	9587	2878	1755	1	3	2300	10749
2908	godność	9571	2881	1709	1	3	2536	9789
2913	przeciwieństwo	9555	2886	2049	1	9	492	39108
2914	zajrzeć	9551	2887	3409	1	32	2143	11475
2916	portret	9547	2889	1311	1	10	3566	7099
2924	słusznie	9530	2896	2207	1	3	7223	3455
2926	cierpienie	9512.465679995865259855444569	2898	2157	1	8	3352	7541
2927	kopać	9511.949569068366197872703773	2899	4051	1	50	1038	21711
2928	magia	9509	2900	5457	1	6	1441	16289
2934	serdecznie	9480	2906	695	1	3	8608	2817
2935	nagi	9473	2907	3887	1	11	914	24132
2938	stosowanie	9465.539	2910	133	1	4	6294	3995
2942	wykształcić	9448.991737619513849545178558	2914	613	1	39	298	56679
2956	zawiadomić	9391.789099526066350710900474	2927	2628	1	33	1386	16865
2960	naruszenie	9383.020833333333333333333333	2930	602	1	8	6032	4183
2961	alarm	9374	2931	5474	1	10	2396	10328
2970	bolesny	9333	2940	2436	1	22	927	23858
2971	pokrywać	9329.586481113320079522862823	2941	909	1	34	649	31694
2987	rycerz	9235	2957	3061	1	10	1511	15668
2990	wskazówka	9222	2960	3714	1	9	675	30771
2995	napój	9206.773693230505569837189374	2965	2649	1	10	1124	20287
2998	skrót	9191	2968	1962	1	8	1717	13946
2999	myślenie	9180.662961773240679071649879	2969	1517	1	4	4132	6171
3000	publicznie	9180	2970	1397	1	1	7782	3165
3012	zwyknąć	9127.218299164768413059984814	2981	3326	1	12	\N	\N
3013	winda	9121	2982	4322	1	9	1035	21782
3014	śmierdzieć	9119	2983	6000	1	33	150	90567
3018	cios	9099.274257085299557005492047	2987	3068	1	11	2554	9737
3023	stwierdzenie	9084.959005401378282734214937	2992	344	1	7	7200	3470
3027	gratulacja	9059	2996	7036	1	5	\N	\N
3036	śliczny	9008	3005	5358	1	24	554	35795
3045	emisja	8952	3014	442	1	7	1217	18929
3051	półka	8930	3019	1411	1	9	290	57756
3054	pięćdziesiąt	8918	3022	1428	1	4	5159	4915
3055	płuco	8913	3023	3810	1	8	120	104496
3056	więź	8911.857335757498431735298183	3024	2064	1	6	2134	11535
3059	liść	8908.580341106296816708654919	3027	1443	1	9	826	26178
3064	polować	8897.429426947348627781314042	3030	4560	1	39	539	36521
3069	wygodny	8884	3033	1949	1	26	1038	21722
3070	przeważnie	8878	3034	987	1	1	7892	3106
3071	nagranie	8876.135966883246144824185226	3035	3462	1	8	1719	13923
3073	poparcie	8867.051190095320789818852452	3037	712	1	6	9097	2651
3077	ogólnie	8830	3041	1042	1	2	7696	3213
3080	wzrastać	8811	3044	1131	1	28	569	35049
3089	stado	8757	3053	3680	1	9	1658	14389
3098	ambicja	8721	3062	1234	1	8	709	29545
3100	prawdopodobny	8717	3064	1933	1	19	690	30228
3109	niepokoić	8671.823930661669932789927308	3073	3092	1	42	822	26314
3110	głupota	8670	3074	4058	1	10	1081	20975
3112	czterdzieści	8648	3076	1170	1	4	4862	5234
3115	metal	8635.909090909090909090909091	3078	2267	1	10	1452	16191
3124	konsultacja	8619	3086	713	1	7	354	50077
3128	skończony	8604.689040058247219311887068	3090	5831	1	11	496	38892
3136	potęga	8567	3098	1771	1	8	1191	19281
3145	wyzwanie	8541.267742526964651613697389	3106	2466	1	8	3324	7599
3146	trup	8538.579671980043690101969753	3107	4382	1	8	1110	20500
3149	zabity	8531.51047522868611390780308	3109	4787	1	11	975	22922
3151	funt	8529	3111	4404	1	9	325	53212
3155	ubrany	8512.142658039207136235247251	3115	2412	1	11	2867	8760
3158	tunel	8494	3118	4611	1	10	1013	22220
3164	napięcie	8475.496502589789245472935753	3123	1214	1	8	3708	6834
3168	tylny	8460	3127	3286	1	10	189	77558
3173	miękki	8443	3132	2173	1	17	922	23965
3184	kłócić	8395	3142	4492	1	44	851	25544
3186	broda	8392.669702961269868781188841	3144	2882	1	9	1059	21349
3196	samotność	8357	3154	2435	1	3	2449	10117
3201	pocisk	8337	3159	3644	1	9	1301	17848
3214	groźba	8309	3171	1734	1	9	1534	15443
3221	kurczak	8286	3178	6015	1	10	417	44324
3224	malarz	8282	3180	1075	1	10	2448	10118
3229	podjęcie	8267.49672455586813197302475	3185	383	1	4	5424	4679
3230	zbiornik	8266	3186	1995	1	8	1370	17045
3238	podejrzenie	8237.244279047787819717644278	3194	1601	1	8	2435	10169
3242	niewłaściwy	8229	3197	3154	1	11	571	34935
3247	świt	8222.49647981644556828524987	3201	2167	1	7	2117	11608
3281	hałas	8116.851950162513542795232936	3235	3056	1	8	2407	10282
3283	zezwolenie	8111.428872093633548522542382	3237	616	1	7	3570	7091
3289	róża	8098.504738885226690104738885	3243	2115	1	8	2123	11577
3297	odniesienie	8077.928851743443569232026645	3251	335	1	7	1239	18623
3308	wykształcenie	8031.531310048716701616182555	3261	393	1	4	7243	3447
3310	nawzajem	8023	3262	4079	1	1	3944	6456
3321	zmysł	7982	3273	2960	1	10	1053	21462
3339	post	7916	3290	1082	1	8	2964	8452
3342	stal	7908.839285714285714285714285	3293	995	1	3	5431	4671
3347	koszulka	7894	3298	3336	1	10	441	42491
3356	kawiarnia	7870	3307	1833	1	8	884	24799
3359	zebranie	7851.409334861978574029707077	3309	1328	1	8	3978	6393
3390	cierpliwość	7762	3340	2845	1	3	2492	9950
3395	zegar	7753	3344	2441	1	10	2236	11006
3402	banda	7710	3351	3786	1	10	888	24698
3405	czytanie	7705.458326762994163290144773	3354	840	1	6	4313	5897
3410	przyciągać	7693.705863431669883282786508	3359	1755	1	44	469	40570
3413	śniadanie	7683.021246407444787608797884	3362	3917	1	7	4085	6238
3429	korupcja	7647	3377	687	1	5	1208	19042
3432	piękno	7642.750626067574488326199209	3380	2598	1	5	3579	7079
3436	kąpiel	7630	3383	2775	1	6	1256	18389
3438	zmniejszać	7622.8	3385	615	1	34	685	30422
3441	gang	7614	3388	4467	1	9	772	27638
3453	kalendarz	7574	3399	1264	1	9	2360	10469
3459	presja	7547	3405	1778	1	5	1255	18407
3464	lokalizacja	7538	3409	1238	1	7	1501	15754
3475	gust	7505	3420	2268	1	11	995	22510
3484	era	7480	3428	2384	1	7	2050	11918
3485	identyczny	7477	3429	1401	1	10	1195	19219
3504	klinika	7418.005776316054772243545021	3448	2283	1	8	570	34982
3509	pachnieć	7402.513608705734078700883486	3453	2644	1	32	189	77479
3510	przebić	7401.262980202321107180537454	3454	3040	1	41	1450	16217
3514	talerz	7382	3458	2172	1	8	1547	15341
3522	imperium	7349	3465	2262	1	6	4834	5269
3524	plama	7344.711790393013100436681223	3467	1943	1	10	969	23040
3529	echo	7324.77928692699490662139219	3472	1342	1	6	2434	10175
3531	kondycja	7321	3474	616	1	5	1148	19917
3546	moneta	7278	3488	2665	1	9	504	38385
3560	łączność	7246	3500	1651	1	3	1560	15226
3564	oszustwo	7240	3503	2576	1	9	1280	18101
3566	kaseta	7237	3505	3241	1	9	386	46987
3579	udo	7202.762366454640894213549064	3516	2181	1	8	572	34909
3594	odwrotnie	7139	3530	950	1	1	6189	4066
3599	gniazdo	7125	3535	1610	1	8	1634	14563
3602	ciąć	7119.10975677025247675765148	3538	2980	1	46	494	38976
3603	as	7116.514705882352941176470588	3539	2940	1	10	2699	9262
3614	przeznaczenie	7081.672338767995165631371386	3547	2861	1	6	2342	10536
3616	bałagan	7078	3549	3585	1	8	2187	11243
3634	czystość	7001	3564	1094	1	3	1951	12435
3637	śniadać	6995.756531370332990168979894	3567	3676	1	5	7	504880
3638	ciemno	6995.545631067961165048543689	3568	2978	2	6	3675	6894
3648	kompania	6964.537815126050420168067227	3578	2079	1	9	1227	18775
3672	poduszka	6898	3600	2468	1	9	343	51261
3685	żonaty	6858	3612	3894	1	11	2530	9813
3696	przodek	6827	3622	2196	1	10	255	63195
3699	nakazywać	6821.666666666666666666666667	3625	875	1	29	86	128496
3702	ratunek	6815	3628	2583	1	3	1736	13810
3705	kuzyn	6806.25208884177356843625951	3631	4269	1	9	1058	21368
3715	flota	6767	3641	3704	1	9	738	28646
3725	zazdrosny	6727	3649	4744	1	11	854	25490
3729	gorączka	6717	3653	2620	1	9	1262	18321
3736	wiecznie	6708	3659	3035	1	1	3674	6899
3752	przydatny	6679	3673	1252	1	16	776	27537
3769	troszkę	6643	3688	4069	1	1	2574	9678
3776	uroczy	6620.506846083685590130122507	3695	4494	1	10	566	35194
3781	lina	6594.85286651839338874047554	3700	3777	1	8	543	36283
3789	bagaż	6578	3708	2928	1	9	1076	21070
3798	łapa	6537.677333483189893133618612	3717	3210	1	9	453	41699
3802	opona	6506	3721	2406	1	10	219	70129
3803	namiot	6504.498245727293377546906057	3722	1950	1	10	1142	20028
3808	pieprz	6485.820925287613590581494248	3727	4118	1	6	1294	17939
3816	widownia	6454	3735	1294	1	6	910	24225
3833	gwałt	6407	3750	1896	1	10	1698	14088
3835	współczuć	6406.315602090714454594853139	3751	2836	1	39	369	48638
3838	narta	6402	3754	1004	1	9	121	103797
3839	złożenie	6399.639939393237744062331769	3755	265	1	4	2951	8490
3841	litr	6396.203952422416154658944155	3757	1020	1	10	997	22480
3866	wnuk	6340.410855119803239903305943	3780	1813	1	9	1476	15968
3870	płatność	6337	3784	293	1	5	472	40364
3871	gościć	6336.186898571657839833092601	3785	969	1	37	823	26277
3873	zlecenie	6329.840770672216226283278657	3787	809	1	8	5549	4574
3877	bestia	6316	3791	4103	1	9	703	29755
3896	kwatera	6276	3804	2409	1	8	395	46192
3907	wzajemnie	6242	3815	1825	1	1	4417	5750
3915	powiązanie	6210.851877640928602128930343	3823	1471	1	8	936	23662
3919	potrawa	6206.687756497948016415868673	3827	784	1	8	446	42143
3921	tanio	6203.985401459854014598540146	3829	935	1	3	2074	11804
3936	płyn	6152.649068322981366459627329	3843	2169	1	10	1157	19772
3938	piątka	6149.222395593972165138440002	3845	1949	1	9	1281	18091
3950	kręgosłup	6103	3857	1348	1	8	1363	17121
3954	dwieście	6099	3860	923	1	3	3370	7496
3960	tron	6092	3864	2116	1	9	1205	19085
3969	zatoka	6069	3872	1807	1	9	376	47978
4011	uprzejmy	5963	3910	2305	1	19	1841	13094
4015	teoretycznie	5952	3913	944	1	1	5008	5083
4018	podobieństwo	5946	3916	1190	1	9	2752	9095
4040	mienie	5892.105844588025904488416266	3937	211	1	4	2656	9409
4048	zaangażowanie	5874.906365695174226259056614	3945	484	1	4	4070	6255
4054	mile	5860.606948237501889591894767	3951	3126	1	3	2618	9535
4060	dusić	5855.79318976736438265662331	3955	2120	1	52	626	32571
4071	tlen	5813	3965	2532	1	6	922	23975
4073	okropnie	5807	3967	3325	1	3	2463	10068
4104	strzała	5741.260428729191079318982943	3993	2033	1	8	582	34496
4126	oprogramowanie	5689.788828020335148127184312	4013	351	1	6	3661	6922
4127	odgłos	5686	4014	1569	1	8	1346	17298
4131	wdowa	5678	4017	1697	1	10	1521	15574
4133	ba	5677	4019	1376	1	1	4248	6008
4154	obrzydliwy	5626	4039	3759	1	28	317	54150
4155	starość	5624	4040	881	1	3	2508	9895
4178	położenie	5560.306866611342335413386342	4061	1051	1	7	3991	6379
4179	pułk	5560	4062	803	1	8	1187	19331
4192	bynajmniej	5529	4074	342	1	1	5187	4879
4203	osa	5505.571428571428571428571429	4084	977	1	9	398	45929
4212	wart	5487.331361480034249057121519	4093	2342	1	5	3378	7486
4228	minus	5435	4108	1462	1	8	2473	10025
4237	zazdrość	5422.822037770332013402375876	4116	1485	1	5	1605	14833
4247	równać	5408.710755115118534126304598	4126	1553	1	29	649	31697
4255	posada	5396.892245634265447143818084	4133	1840	1	8	292	57458
4271	imponujący	5375.440147552253172310536665	4147	2161	1	9	784	27321
4278	potwierdzenie	5353.517829417761822946284632	4153	868	1	6	4158	6133
4279	pot	5352.047998915716304916064825	4154	1128	1	9	1799	13368
4284	witamina	5340	4158	901	1	9	513	37939
4291	szafka	5320	4165	2610	1	9	227	68491
4293	widowisko	5309	4167	571	1	7	2184	11260
4316	zasilać	5264.065616483530158414116651	4187	1619	1	37	209	72555
4327	zając	5248	4197	512	1	8	3056	8224
4360	technik	5161.097899590336077436277731	4227	1014	1	8	4429	5735
4375	odkrycie	5135.248564786789889767704506	4241	1227	1	7	2668	9369
4379	lew	5127.969804618117229129662522	4245	1645	1	2	4069	6257
4415	niedawny	5048.644214162348877374784111	4281	281	1	10	502	38517
4434	twierdza	5019.455877253814147018030513	4299	742	1	9	650	31671
4485	lojalność	4909	4346	1793	1	4	1361	17145
4491	niepokojący	4893.647432594906758381500016	4351	907	1	10	606	33400
4523	wrota	4825	4379	3020	1	5	1037	21737
4528	zaległość	4814	4383	431	1	3	114	108069
4557	szatan	4767	4409	2212	1	7	1119	20356
4560	naprzeciwko	4761	4412	1239	2	2	2943	8509
4582	zrobienie	4722.268701780667538081123995	4432	2485	1	4	1119	20362
4588	szczęśliwie	4710	4437	1371	1	3	3286	7677
4589	zabraniać	4705.616752725186460126219162	4438	1221	1	32	161	86470
4625	polowanie	4657.570573052651372218685958	4468	1638	1	8	1607	14810
4631	siedzenie	4642.262740492490328072756282	4474	1904	1	7	1104	20604
4643	pochodzenie	4627.023830155979202772963606	4484	584	1	5	2274	10853
4650	formalnie	4619	4490	419	1	2	4199	6076
4676	łatwość	4583	4512	760	1	4	1374	17006
4686	aut	4567.345115461045306692881392	4520	1465	1	11	6228	4034
4724	golf	4512	4556	2102	1	10	871	25099
4727	tort	4510	4557	2485	1	9	962	23158
4738	kręg	4487.693245444365265193932608	4568	672	1	3	57	164018
4767	robot	4442.353242737024780513770225	4593	2832	1	9	554	35776
4771	zazdrościć	4437.177962229667986597624124	4597	1530	1	26	435	42983
4774	cyrk	4430.6	4600	2236	1	8	839	25835
4817	kwadrans	4356	4636	479	1	6	2378	10395
4848	lis	4310.718181818181818181818182	4661	4876	1	8	2700	9259
4853	bój	4308.234625750760308173298034	4664	1539	1	6	2702	9251
4859	błogosławieństwo	4299	4668	1692	1	9	1256	18387
4877	oddanie	4260.85534162923599504532478	4682	811	1	5	2558	9728
4926	cięcie	4207.723931969638309168940074	4726	1394	1	8	1853	13010
4934	wielce	4201	4732	709	1	1	3492	7265
4963	pozornie	4156	4758	221	1	1	3935	6468
4965	posiadłość	4153	4760	2204	1	6	566	35182
4975	jedenaście	4142	4770	801	1	4	1837	13122
5001	niezwłocznie	4110	4790	495	1	1	3616	7015
5061	trupa	4000.420328019956309898030247	4847	1910	1	9	1406	16642
5084	celowo	3974	4866	1581	1	1	2393	10341
5206	trzysta	3806	4966	557	1	3	2089	11731
5216	sześćdziesiąt	3795	4973	449	1	5	2280	10832
5269	negatywnie	3735	5012	287	1	1	3448	7346
5270	dotyk	3734.716763005780346820809249	5013	1168	1	7	1338	17371
5323	znad	3672	5061	338	1	1	3332	7583
5354	wyrażenie	3642.02280266173455027944192	5084	410	1	8	2067	11841
5437	porządnie	3555	5145	1387	1	2	2134	11532
5446	li	3543	5154	2191	1	1	1355	17211
5475	przeczucie	3514.726748125182430591750579	5175	2274	1	7	898	24484
5514	wpół	3475	5206	627	1	1	2848	8805
5696	cech	3264.798455535338206231008614	5360	164	1	8	6991	3563
5752	twardo	3217	5403	590	1	3	2612	9555
5795	danie	3167.611979811107968973361185	5441	785	1	7	1633	14577
5799	ręcznie	3165	5444	932	1	1	2233	11022
5841	róż	3123.995261114773309895261115	5474	1119	1	8	1577	15058
5851	odbicie	3114.442719860123900666857223	5483	718	1	6	2144	11464
5906	grzecznie	3066	5528	880	1	2	2143	11469
5912	oglądanie	3061.355283001800139307262973	5533	937	1	4	1608	14800
5934	panowanie	3043.368492058439215757608831	5549	595	1	4	1926	12589
5936	mówienie	3043.194250492406872934229838	5551	910	1	4	1756	13642
5938	tłumaczenie	3041.671212876521949303604339	5553	7879	1	6	2012	12121
5954	frank	3029.843557453248297481353368	5564	13251	1	4	1737	13797
6025	prywatnie	2968	5619	440	1	1	2528	9822
6086	nonsens	2910	5671	1770	1	10	567	35124
6141	strzęp	2862.722222222222222222222222	5715	1003	1	7	274	60063
6387	mądrze	2673	5908	961	1	3	1481	15907
6447	nastawienie	2634.853579395374778013667076	5956	619	1	6	1942	12491
6487	mat	2608.725200652901278394942197	5988	1331	1	9	555	35697
6496	emocjonalnie	2603	5995	876	1	1	1727	13873
6754	gadanie	2416.744863436766655221493033	6200	1356	1	5	889	24678
6782	działo	2399.825165990977161904469582	6217	620	1	5	9415	2550
6840	karate	2360	6258	855	1	1	1505	15717
6977	pusto	2268	6355	597	1	1	1671	14283
7041	słodko	2218	6407	1358	1	3	847	25647
7099	imponować	2182.559852447746827689463334	6452	349	1	27	167	84151
7126	blond	2168	6471	887	2	3	1268	18237
7196	tymczasowo	2130	6517	544	1	1	1587	14966
7204	okazały	2123.395136778115501519756839	6522	122	1	16	5359	4726
7240	ciekawić	2096.54708520179372197309417	6553	862	1	11	19	295588
7290	cha	2064	6586	595	1	1	1461	16093
7489	gram	1953.89334147272033574971385	6728	593	1	9	2368	10432
7507	pokrywa	1946.413518886679920477137177	6740	357	1	8	3013	8325
7627	połów	1877.543548558613848989497758	6817	361	1	8	270	60627
7963	świta	1736.16723699771372375014836	7033	522	1	7	304	55893
8201	rynka	1631.5221723250104784144662	7176	51	1	6	12	379089
8206	przodem	1629.623376623376623376623377	7179	831	1	1	1036	21758
8216	żyto	1625.000378071833648393194707	7186	111	1	4	525	37282
8319	bogacić	1575.704559650218613366645846	7252	563	1	22	90	124781
8402	dola	1546.627521710086840347361389	7296	525	1	7	297	56709
8701	stroić	1439.889895344794101043417399	7477	609	1	26	159	87109
9984	siad	1050.911627906976744186046512	8150	615	1	10	312	54800
