lemma_subtlex_pos_id	lemma_id	lemma	subtlex_pos	subtlex_frequency	contextual_diversity_count	contextual_diversity
1	1	w	prep	1813339	27717	0.998199301329
2	2	być	verb	3697857	27721	0.998343357223
3	3	nie	qub	3831284	27705	0.997767133648
4	3	nie	subst	43	41	0.00147657291029
5	4	się	pron	285236	27167	0.978391615947
6	4	się	qub	2265417	26881	0.968091619548
7	5	i	conj	1460952	27711	0.997983217488
8	6	to	conj	242907	26958	0.970864695502
9	6	to	pred	961474	27629	0.995030071668
10	6	to	qub	74625	23540	0.847768934347
11	6	to	subst	2012804	27689	0.997190910073
12	7	z	prep	1557447	27700	0.997587063781
13	7	z	qub	12184	8335	0.30017646847
14	8	na	prep	1509617	27687	0.997118882126
15	9	on	pron	1821067	27681	0.996902798286
16	10	do	prep	1051055	27668	0.996434616631
17	11	że	conj	1295581	26760	0.963733928764
18	12	ten	adj	1063135	27676	0.996722728419
19	13	mieć	verb	1355534	27646	0.995642309216
20	14	ja	pron	1686809	27604	0.994129722332
21	15	o	prep	797653	27600	0.993985666439
22	16	co	conj	1210	1123	0.0404436921526
23	16	co	prep	6111	4718	0.169913926604
24	16	co	qub	38800	16054	0.578168329312
25	16	co	subst	1409020	27633	0.995174127561
26	17	a	conj	694919	27518	0.991032520618
27	18	który	adj	355057	26983	0.971765044837
28	19	jak	conj	780863	27617	0.994597903987
29	19	jak	subst	105	93	0.00334929952822
30	20	tak	conj	64626	21648	0.779630496633
31	20	tak	qub	941127	27598	0.993913638492
32	21	ty	pron	1377532	27542	0.99189685598
33	22	ale	conj	649556	27520	0.991104548565
34	23	móc	verb	790647	27099	0.975942665754
35	24	po	prep	353255	27345	0.984802103216
36	25	za	prep	408314	27442	0.988295458638
37	25	za	qub	57371	21040	0.757734000792
38	25	za	subst	1601	585	0.0210681744517
39	26	od	prep	269222	27225	0.980480426405
40	27	pan	subst	519592	24564	0.88464724313
41	28	chcieć	verb	673238	27459	0.988907696186
42	29	rok	subst	165482	24867	0.895559477077
43	30	czy	adj	611	299	0.0107681780531
44	30	czy	conj	121014	24974	0.899412972233
45	30	czy	qub	258385	26496	0.954226239781
46	31	wiedzieć	verb	699924	27455	0.988763640292
47	32	mój	adj	664351	27490	0.990024129362
48	33	dla	prep	294916	27136	0.977275182771
49	34	przez	prep	177135	26498	0.954298267728
50	35	już	qub	313393	26377	0.949940576944
51	36	tylko	conj	76318	23395	0.8425469082
52	36	tylko	qub	285987	27259	0.981704901502
53	37	taki	adj	279442	27159	0.97810350416
54	38	bardzo	adv	253785	26818	0.965822739223
55	39	swój	adj	230089	26694	0.961357006519
56	40	mówić	verb	349635	26794	0.964958403861
57	41	my	pron	370205	27193	0.979327979256
58	42	musieć	verb	452355	27411	0.987179025462
59	43	powiedzieć	verb	412750	27125	0.976879029063
60	44	jeden	adj	189312	26565	0.956711203947
61	45	człowiek	subst	238205	26261	0.945762956027
62	46	sam	adj	211535	26845	0.966795116505
63	46	sam	subst	1755	1129	0.0406597759931
64	47	inny	adj	136484	25703	0.925667158858
65	48	wszystko	subst	289016	27101	0.976014693701
66	49	tu	qub	367989	26959	0.970900709475
67	50	czas	pred	41	40	0.00144055893687
68	50	czas	subst	190994	26776	0.964310152339
69	51	dobrze	adv	348957	27152	0.977851406346
70	52	nasz	adj	188376	26014	0.936867504592
71	53	wszystek	adj	199501	26551	0.956207008319
72	54	by	conj	91057	15733	0.566607843843
73	54	by	qub	147958	24925	0.897648287536
74	55	jeszcze	qub	177103	26592	0.95768358123
75	56	dobry	adj	268474	26842	0.966687074585
76	57	raz	subst	189616	26745	0.963193719163
77	58	może	qub	208966	25543	0.91990492311
78	59	dzień	subst	152501	25363	0.913422407894
79	60	coś	subst	322331	26327	0.948139878273
80	61	więc	conj	248962	25793	0.928908416466
81	62	sprawa	subst	103181	22815	0.821658803616
82	63	teraz	qub	264378	27209	0.979904202831
83	64	twój	adj	395012	27082	0.975330428206
84	65	pierwszy	adj	93124	23695	0.853351100227
85	66	nic	subst	257195	26952	0.970648611661
86	67	ony	adj	201823	25710	0.925919256672
87	68	dwa	num	120045	24343	0.876688155004
88	69	kiedy	conj	171989	25097	0.903842690964
89	69	kiedy	qub	33455	15374	0.553678827385
90	70	przed	prep	79792	23224	0.836388518745
91	71	praca	subst	84088	20465	0.737025966075
92	72	kto	subst	240276	26713	0.962041272014
93	73	nowy	adj	100366	23437	0.844059495084
94	74	tam	qub	227949	26560	0.95653113408
95	74	tam	subst	17	12	0.00043216768106
96	75	wielki	adj	98752	23253	0.837432923975
97	76	oraz	conj	10384	5718	0.205927900025
98	77	jaki	adj	143451	25837	0.930493031296
99	78	żeby	conj	221677	23843	0.858681168293
100	79	prosić	verb	252034	25511	0.918752475961
101	80	przy	prep	68809	22036	0.79360391832
102	81	cały	adj	138925	25185	0.907011920625
103	82	jednak	conj	28486	12907	0.464832354954
104	83	nawet	qub	117981	25354	0.913098282133
105	84	pani	subst	191370	19506	0.702488565563
106	85	myśleć	verb	261612	25872	0.931753520366
107	86	gdzie	qub	213707	26448	0.952497569057
108	87	robić	verb	262523	26904	0.968919940937
109	88	miejsce	subst	105934	24467	0.881153887708
110	89	widzieć	verb	236538	26769	0.964058054525
111	90	stać	verb	158548	26198	0.943494075701
112	91	polski	adj	1947	1221	0.0439730615479
113	92	każdy	adj	102272	23517	0.846940612958
114	93	pod	prep	60262	21087	0.759426657543
115	94	osoba	subst	42592	16908	0.608924262614
116	95	gdy	adj	27	26	0.000936363308964
117	95	gdy	conj	105676	20465	0.737025966075
118	96	żyć	verb	150090	24698	0.889473115569
119	97	dziecko	subst	115185	20491	0.737962329384
120	98	powinien	verb	162670	25978	0.935571001549
121	99	można	pred	47847	18112	0.652285086614
122	100	dom	subst	153826	24080	0.867216479994
123	101	jakiś	adj	141330	24651	0.887780458818
124	102	lub	conj	30064	12697	0.457269420535
125	103	bez	prep	99073	24479	0.881586055389
126	103	bez	subst	151	114	0.00410559297007
127	104	drugi	adj	56321	20392	0.734396946015
128	105	wiele	num	72309	21931	0.789822451111
129	106	iść	verb	208421	26068	0.938812259157
130	107	jako	conj	53415	19194	0.691252205856
131	108	strona	subst	50575	19255	0.693449058235
132	109	dać	verb	209019	26572	0.956963301761
133	110	ktoś	subst	151842	24848	0.894875211582
134	111	kilka	num	61090	19874	0.715741707783
135	111	kilka	subst	5	5	0.000180069867108
136	112	właśnie	qub	108817	23646	0.851586415529
137	113	prawo	qub	1783	1412	0.0508517304714
138	113	prawo	subst	39128	14381	0.517916951777
139	114	miasto	subst	44552	14897	0.536500162063
140	115	dlaczego	qub	170914	24403	0.878848993409
141	116	niż	conj	70034	21746	0.783159866028
142	116	niż	subst	11	11	0.000396153707639
143	117	koniec	subst	80571	23414	0.843231173695
144	118	świat	subst	69542	19046	0.685922137789
145	119	nad	prep	47151	18900	0.68066409767
146	120	chodzić	verb	212730	26222	0.944358411063
147	121	sposób	pred	1	1	3.60139734217e-05
148	121	sposób	subst	52558	19473	0.701300104441
149	122	ustawa	subst	1729	999	0.0359779594483
150	123	również	qub	23162	10648	0.383476788994
151	124	wysoki	adj	24728	11704	0.421507544927
152	125	pewny	adj	86758	23366	0.841502502971
153	126	mały	adj	87887	22125	0.796809161955
154	127	stary	adj	85096	20963	0.754960924839
155	128	rzecz	subst	101810	23821	0.857888860878
156	129	żaden	adj	83664	22398	0.806640976699
157	130	znać	verb	116012	24300	0.875139554147
158	131	u	prep	66644	20520	0.739006734613
159	132	zawsze	qub	103927	24279	0.874383260705
160	133	nigdy	qub	143381	25606	0.922173803436
161	134	chwila	subst	72691	22488	0.809882234307
162	135	wy	adj	25	21	0.000756293441855
163	135	wy	pron	173757	25234	0.908776605323
164	136	prawda	subst	140152	24974	0.899412972233
165	137	albo	conj	81725	21947	0.790398674686
166	138	ostatni	adj	62262	21571	0.776857420679
167	139	chyba	qub	117351	23704	0.853675225988
168	140	szkoła	subst	38190	11629	0.418806496921
169	141	trzeba	pred	47412	17477	0.629416213491
170	142	prosty	adj	98683	22514	0.810818597616
171	143	trzy	num	56544	18513	0.666726689956
172	144	problem	subst	67180	20646	0.743544495264
173	145	nikt	subst	100085	24135	0.869197248532
174	146	życie	subst	69642	21048	0.75802211258
175	147	droga	subst	58258	19787	0.712608492095
176	148	naprawdę	qub	139801	23780	0.856412287968
178	150	kobieta	subst	75859	18874	0.679727734361
179	151	należeć	verb	25391	13218	0.476032700688
180	152	państwo	subst	12109	5771	0.207836640617
181	153	wtedy	qub	59110	20448	0.736413728527
182	154	pieniądz	subst	60711	14582	0.525155760435
183	155	ręka	subst	57335	19473	0.701300104441
184	156	ojciec	subst	97906	17824	0.641913062268
185	157	dużo	adv	40577	17851	0.642885439551
186	157	dużo	num	37561	16783	0.604422515936
187	158	daleko	adv	99996	22981	0.827637123204
188	159	dlatego	qub	56682	20587	0.741419670832
189	160	ważny	adj	46147	18420	0.663377390427
190	161	sytuacja	subst	19887	11269	0.405841466489
191	162	potem	qub	51645	18337	0.660388230633
192	163	część	subst	30630	14562	0.524435480967
193	164	zobaczyć	verb	125307	25184	0.906975906652
194	165	komisja	subst	2871	1360	0.0489790038535
195	166	dzięki	prep	92322	22453	0.808621745237
196	166	dzięki	subst	118	91	0.00327727158137
197	167	własny	adj	37626	16791	0.604710627724
198	168	gdyby	conj	72921	21702	0.781575251197
199	169	prowadzić	verb	27171	13824	0.497857168581
200	170	zmiana	subst	15830	9365	0.337270861094
201	171	wyglądać	verb	111554	24017	0.864947599669
202	172	kraj	subst	22305	8801	0.316958980084
203	173	czekać	verb	90791	23478	0.845536067994
204	174	czuć	verb	93364	22889	0.824323837649
205	175	oko	subst	124967	22364	0.805416501603
206	176	rozumieć	verb	93873	23788	0.856700399755
207	177	pomoc	subst	47565	18291	0.658731587856
208	178	sąd	subst	17158	5204	0.187416717686
209	179	trochę	num	22250	12768	0.459826412648
210	179	trochę	subst	72602	21292	0.766809522095
211	180	mało	adv	20021	12156	0.437785860914
212	180	mało	num	9449	6957	0.250549213095
213	181	pójść	verb	101915	23657	0.851982569237
214	182	zły	adj	79084	22463	0.808981884971
215	183	głowa	subst	53651	18941	0.68214067058
216	184	kolejny	adj	27596	13988	0.503763460223
217	185	rodzina	subst	52555	16327	0.588000144056
218	186	porządek	subst	123212	22072	0.794900421363
219	187	młody	adj	35013	14180	0.51067814312
220	188	duży	adj	33730	15148	0.545539669392
221	189	pracować	verb	69913	19820	0.713796953218
222	190	rada	subst	30239	13861	0.499189685598
223	191	słowo	subst	42917	16903	0.608744192747
224	192	godzina	subst	55921	19059	0.686390319444
225	193	jeżeli	conj	35855	7075	0.254798861958
226	194	ani	adj	2	2	7.20279468434e-05
227	194	ani	conj	39936	16109	0.58014909785
228	195	grupa	subst	17259	8274	0.297979616091
229	196	środek	subst	33388	15675	0.564519033385
230	197	późno	adv	52618	19457	0.700723880866
231	198	cel	subst	25000	11424	0.411423632369
233	200	często	adv	13789	8870	0.31944394425
234	201	przecież	qub	31619	13117	0.472395289372
235	202	minister	subst	2975	1122	0.0404076781791
236	203	uważać	verb	61980	20165	0.726221774048
237	204	znaczyć	verb	71446	21680	0.780782943782
239	206	wydawać	verb	43234	17402	0.626715165484
240	207	informacja	subst	18666	9127	0.32869953542
241	208	pamiętać	verb	68241	20543	0.739835056002
242	209	poseł	subst	382	240	0.00864335362121
243	210	miesiąc	subst	34214	14600	0.525804011957
244	211	dobro	subst	105027	20745	0.747109878633
245	212	głos	subst	17661	8484	0.30554255051
246	213	podczas	prep	22789	12147	0.437461735153
247	214	pytać	verb	40874	17615	0.634386141823
248	215	program	subst	14012	5862	0.211113912198
249	216	im	conj	43555	17962	0.6468829906
250	217	szybko	adv	69066	20806	0.749306731012
251	218	przypadek	subst	14460	8673	0.312349191486
252	219	tyle	num	47534	19570	0.704793459862
253	220	wyjść	verb	70655	21476	0.773436093204
254	221	między	prep	19836	11573	0.416789714409
255	222	rząd	subst	12943	5986	0.215579644902
256	223	projekt	subst	7660	3576	0.128785968956
257	224	potrzebować	verb	110181	23811	0.857528721144
258	225	samochód	subst	52144	13531	0.487305074369
259	226	działać	verb	33358	15074	0.542874635359
260	227	zespół	subst	13110	5311	0.191270212843
261	228	stan	subst	35863	14520	0.522922894083
262	229	słyszeć	verb	87299	22573	0.812943422048
263	230	czyli	conj	13335	7712	0.277739763028
264	231	aż	conj	14538	9696	0.349191486297
265	231	aż	qub	22751	13185	0.474844239565
266	232	system	subst	15324	6186	0.222782439587
267	233	mama	subst	94821	17113	0.616307127165
268	234	kochać	verb	102359	20357	0.733136456945
269	235	matka	subst	57546	15700	0.56541938272
270	236	powód	subst	46038	18669	0.672344869809
271	237	ile	num	56914	19962	0.718910937444
272	238	tydzień	subst	45789	17010	0.612597687903
273	239	noc	subst	67820	19807	0.713328771563
274	240	lubić	verb	76316	20692	0.745201138042
275	241	poza	prep	31140	15617	0.562430222926
276	241	poza	subst	233	191	0.00687866892354
277	242	różny	adj	12345	8002	0.28818381532
278	243	wynik	subst	10719	6216	0.223862858789
279	244	jakby	conj	45862	18324	0.659920048979
280	245	grać	verb	50603	15688	0.564987215039
281	246	rynek	subst	3660	2327	0.0838045161523
283	248	zasada	subst	19530	9919	0.35722260237
284	249	wcześnie	adv	36882	17046	0.613894190946
285	250	możliwość	subst	10545	7020	0.25281809342
286	251	woda	subst	35061	12990	0.467821514748
287	252	góra	subst	40254	15957	0.57467497389
288	253	wniosek	subst	4315	3118	0.112291569129
289	254	punkt	subst	18004	9441	0.340007923074
290	255	temat	subst	17911	10018	0.360787985738
291	256	dziewczyna	subst	77319	18011	0.648647675298
292	257	decyzja	subst	15625	8680	0.3126012893
293	258	ziemia	subst	38526	13165	0.474123960097
294	259	ponieważ	conj	40762	13212	0.475816616847
295	260	mężczyzna	subst	34892	12947	0.466272913891
296	261	niech	qub	72667	20636	0.74318435553
297	262	brać	subst	5996	4565	0.16440378867
298	262	brać	verb	39136	17133	0.617027406634
299	263	pytanie	subst	26797	13321	0.47974213995
300	264	udział	subst	8666	5816	0.209457269421
302	266	mieszkać	verb	38351	14594	0.525587928116
303	267	władza	subst	11014	6081	0.219000972377
304	268	dzisiaj	qub	45283	16004	0.576367630641
305	269	policja	subst	36416	10780	0.388230633486
306	270	rozmowa	subst	18176	10262	0.369575395253
307	271	próbować	verb	60545	20428	0.735693449058
308	272	myśl	subst	51722	18935	0.68192458674
309	273	dopiero	qub	19279	11955	0.430547052256
310	274	wojna	subst	27878	8492	0.305830662297
311	275	początek	subst	18746	11387	0.410091115353
312	276	istnieć	verb	20189	10215	0.367882738503
313	277	społeczny	adj	3073	2085	0.0750891345842
314	278	oba	num	28703	14594	0.525587928116
315	278	oba	subst	27	25	0.000900349335542
316	279	długo	adv	48902	19450	0.700471783052
317	280	senator	subst	4303	1039	0.0374185183851
318	281	ponad	prep	10732	7068	0.254546764144
319	281	ponad	qub	2075	1780	0.0641048726906
320	282	historia	subst	31538	13600	0.489790038535
321	283	szukać	verb	54436	19461	0.700867936759
322	284	przyjaciel	subst	72085	19920	0.71739835056
323	285	przykład	subst	12928	8431	0.303633809918
324	286	pisać	verb	19572	9039	0.325530305759
325	287	pracownik	subst	6952	4233	0.152447149494
326	288	jechać	verb	63485	16712	0.601865523823
327	289	wybór	subst	20045	11060	0.398314546044
328	290	akcja	subst	10494	5794	0.208664962005
329	291	książka	subst	22178	7616	0.27428242158
330	292	niektóry	adj	17488	10138	0.365109662549
331	293	warunek	subst	6959	4903	0.176576511687
333	295	umowa	subst	11270	6171	0.222242229985
335	297	film	subst	29603	8647	0.311412828177
336	298	mieszkaniec	subst	4558	2958	0.106529333381
337	299	nadzieja	subst	47144	18999	0.684229481039
339	301	okres	subst	5523	3905	0.140634566212
340	302	siła	num	3258	2423	0.0872618576007
341	302	siła	subst	21130	10635	0.38300860734
342	303	ulica	subst	18535	9137	0.329059675154
343	304	prezydent	subst	15278	3210	0.115604854684
344	305	prawie	qub	29568	15442	0.556127777578
345	306	rozmawiać	verb	53842	18276	0.658191378255
346	307	zbyt	qub	43734	18117	0.652465156481
347	307	zbyt	subst	243	231	0.00831922786041
348	308	żona	subst	51173	14030	0.505276047106
349	309	dziać	verb	58228	20151	0.72571757842
350	310	pewno	adv	41416	17213	0.619908524508
351	311	bank	subst	11565	4218	0.151906939893
352	312	wiek	subst	18665	10336	0.372240429287
353	313	minuta	subst	44253	16325	0.587928116109
354	314	jedyny	adj	41114	18238	0.656822847265
355	315	potrafić	verb	35460	15510	0.55857672777
356	316	prawdziwy	adj	46088	18140	0.653293477869
357	317	poprawka	subst	3034	2225	0.0801310908633
358	318	tysiąc	num	3212	2326	0.0837685021788
359	318	tysiąc	subst	16941	7697	0.277199553427
360	319	syn	subst	50485	13382	0.481938992329
361	320	plan	subst	34627	14179	0.510642129146
362	321	klient	subst	14279	6186	0.222782439587
363	322	główny	adj	13835	7897	0.284402348111
365	324	urząd	subst	2349	1593	0.0573702596607
366	325	prezes	subst	1933	957	0.0344653725646
367	326	wracać	verb	57732	20349	0.732848345158
368	327	mecz	subst	9772	3168	0.1140922678
369	328	fundusz	subst	2681	1713	0.0616919364714
370	329	pokój	subst	45729	16055	0.578204343285
371	330	klub	subst	12113	5209	0.187596787554
372	331	szansa	subst	34559	15981	0.575539309252
373	332	pewnie	adv	57257	19076	0.687002556992
374	333	razem	qub	47331	19012	0.684697662693
375	334	nazywać	verb	57398	19917	0.71729030864
376	335	publiczny	adj	5220	3578	0.128857996903
377	336	następny	adj	37363	16882	0.607987899305
378	337	podstawa	subst	6071	4541	0.163539453308
379	338	trzeci	adj	15138	8821	0.317679259553
380	339	dyrektor	subst	6853	3188	0.114812547268
381	340	członek	subst	9292	5619	0.202362516656
383	342	piękny	adj	41063	15130	0.54489141787
384	343	jasny	adj	57425	18492	0.665970396514
385	344	zaczynać	verb	40402	17948	0.646378794972
386	345	złoty	adj	6308	3660	0.131811142723
387	346	długi	adj	19311	11440	0.411999855944
388	347	poznać	verb	44804	17037	0.613570065185
389	348	wierzyć	verb	51751	18631	0.670976338819
390	349	cena	subst	10034	6336	0.2281845356
393	352	ubezpieczenie	subst	1853	1360	0.0489790038535
395	354	liczyć	verb	19208	11487	0.413692512695
396	355	brat	subst	53014	13018	0.468829906004
397	356	zakład	subst	5290	2925	0.105340872258
398	357	koszt	subst	4610	3513	0.12651708863
399	358	wypadek	subst	23657	11642	0.419274678575
402	360	siedzieć	verb	33975	15593	0.561565887564
403	361	ciało	subst	36567	13631	0.490906471711
404	362	cztery	num	21735	11000	0.396153707639
405	363	drzwi	subst	36910	14661	0.528000864335
407	365	działalność	subst	1478	1198	0.0431447401592
408	366	serce	subst	42276	14963	0.538877084309
409	367	pełny	adj	19789	11851	0.42680159902
410	368	racja	subst	57914	20470	0.737206035942
411	369	stanowić	verb	3843	2943	0.10598912378
412	370	ruch	subst	16298	8557	0.308171570569
413	371	twarz	subst	30496	13929	0.501638635791
414	372	sądzić	verb	50225	16630	0.598912378003
415	373	wzgląd	subst	8655	6108	0.21997334966
416	374	działanie	subst	4815	3414	0.122951705262
417	375	gra	subst	24364	9920	0.357258616343
419	377	teren	subst	8733	5372	0.193467065221
420	378	szef	subst	31800	10248	0.369071199625
421	379	bliski	adj	10957	7697	0.277199553427
422	380	stąd	qub	54989	18308	0.659343825404
423	381	według	prep	12149	7825	0.281809342025
425	383	spotkanie	subst	12991	7908	0.284798501819
426	384	mimo	prep	10835	7336	0.264198509022
427	385	miłość	subst	35938	11592	0.417473979904
428	386	kościół	subst	9842	3617	0.130262541866
429	387	potrzeba	pred	6555	5090	0.183311124716
430	387	potrzeba	subst	7841	5875	0.211582093852
431	388	ochrona	subst	11707	6483	0.233478589693
432	389	ogół	subst	19012	11026	0.397090070948
433	390	szpital	subst	20876	8387	0.302049195088
434	391	napisać	verb	25715	11227	0.404328879605
435	392	gotowy	adj	53492	19276	0.694205351676
436	393	nadal	qub	36302	14132	0.508949472395
437	394	liczba	subst	6275	3811	0.13724925271
438	395	zaraz	qub	45795	17831	0.642165160082
440	397	walka	subst	22969	8973	0.323153383513
441	398	wobec	prep	6213	4313	0.155328267368
442	399	zakres	subst	834	696	0.0250657255015
443	400	wieczór	subst	39877	14585	0.525263802355
444	401	rodzaj	subst	16050	8967	0.322937299672
445	402	wciąż	qub	33977	12669	0.456261029279
446	403	fakt	subst	12379	7648	0.275434868729
447	404	moment	subst	20274	11422	0.411351604423
449	406	stanowisko	subst	5672	3575	0.128749954983
450	407	trwać	verb	10618	7465	0.268844311593
451	408	gość	subst	35227	13972	0.503187236648
452	409	lekarz	subst	22263	9103	0.327835200058
454	411	chłopiec	subst	42298	13456	0.484604026362
456	413	polityczny	adj	3087	1863	0.0670940324846
457	414	zajmować	verb	15820	9763	0.351604422516
458	415	twierdzić	verb	12539	7620	0.274426477473
460	417	trudno	adv	13406	8938	0.321892894443
461	418	facet	subst	61910	16621	0.598588252242
462	419	spółka	subst	1128	758	0.0272985918536
463	420	telefon	subst	35299	12991	0.467857528721
464	421	forma	subst	6568	4378	0.15766917564
465	422	wasz	adj	56726	17476	0.629380199517
466	423	dość	qub	26159	12783	0.460366622249
467	424	daleki	adj	10200	7347	0.264594662729
468	425	wczoraj	qub	22428	11980	0.431447401592
471	427	granica	subst	9619	5824	0.209745381208
472	428	proces	subst	7769	4012	0.144488061368
473	429	oznaczać	verb	19180	10644	0.3833327331
474	430	poziom	subst	9860	5507	0.198328951633
476	432	skąd	qub	47474	18616	0.670436129218
478	434	wolny	adj	22867	12262	0.441603342097
479	435	badanie	subst	10438	5172	0.186264270537
480	436	odpowiedź	subst	16412	9511	0.342528901214
481	437	dojść	verb	14622	9541	0.343609320416
482	438	okazja	subst	18492	11433	0.41174775813
483	439	pomyśleć	verb	43483	18042	0.649764108474
484	440	mąż	subst	32790	10705	0.385529585479
485	441	pięć	num	23005	10819	0.389635178449
486	442	znowu	qub	37559	16512	0.594662729139
487	443	broń	subst	43447	12096	0.435625022509
488	444	czarny	adj	21812	9007	0.324377858609
489	445	czytać	verb	21041	10541	0.379623293838
490	446	rola	subst	8674	4777	0.172038751035
493	449	numer	subst	30245	11959	0.43069110815
494	450	dokument	subst	7529	4187	0.150790506717
495	451	podobny	adj	11689	7857	0.282961789174
496	452	trzymać	verb	64667	21277	0.766269312493
497	453	zdać	verb	13489	8947	0.322217020204
498	454	źle	adv	31913	15889	0.572226023697
499	455	stanąć	verb	20380	12631	0.454892498289
500	456	raczej	qub	18112	10911	0.392948464004
501	457	wspólny	adj	16299	10378	0.37375301617
503	459	noga	subst	25294	12209	0.439694601505
505	461	zarząd	subst	1842	1060	0.038174811827
506	462	cieszyć	verb	27746	14198	0.511326394641
508	464	zanim	conj	42224	18410	0.663017250693
509	465	obecnie	adv	3599	2602	0.0937083588432
510	466	trudny	adj	16309	10341	0.372420499154
515	471	dokładnie	adv	33705	15450	0.556415889365
516	472	chłopak	subst	46212	14823	0.53383512803
517	473	biały	adj	19170	8343	0.300464580257
518	474	ciąg	subst	10556	7150	0.257499909965
519	475	jutro	adv	39387	15609	0.562142111139
520	475	jutro	subst	5524	4267	0.15367162459
521	476	wystarczyć	verb	27808	14736	0.530701912342
522	477	język	subst	10120	6214	0.223790830842
523	478	miejski	adj	2228	1607	0.0578744552887
525	480	podstawowy	adj	2705	2095	0.0754492743184
526	481	sztuka	subst	12437	5946	0.214139085965
527	482	kiedyś	qub	29014	15993	0.575971476933
528	483	połowa	subst	12235	7700	0.277307595347
529	484	zaś	conj	1603	1046	0.0376706161991
530	485	marszałek	subst	461	164	0.00590629164116
531	486	kolega	subst	17558	9274	0.333993589513
532	487	drużyna	subst	12978	4636	0.166960780783
533	488	zapytać	verb	21721	11681	0.420679223539
534	489	zgodnie	adv	6005	4491	0.161738754637
535	490	obecny	adj	5332	3936	0.141750999388
536	491	stosunek	subst	4487	3348	0.120574783016
538	493	spokój	subst	43821	17281	0.6223574747
539	494	posiadać	verb	9868	6320	0.227608312025
541	496	inaczej	qub	20519	12496	0.450030611877
544	499	kwestia	subst	7231	5062	0.182302733461
545	500	właściciel	subst	6744	4407	0.158713580869
546	501	tworzyć	verb	7319	4582	0.165016026218
547	502	klasa	subst	13713	7060	0.254258652357
549	504	podać	verb	22058	11827	0.425937263658
551	506	tamten	adj	24134	12408	0.446861382216
552	507	krew	subst	31451	11573	0.416789714409
553	508	opinia	subst	5415	3829	0.137897504232
554	509	wiadomość	subst	28129	12861	0.463175712176
555	510	służba	subst	7060	4295	0.154680015846
556	511	dziwny	adj	32947	15414	0.555119386322
558	513	specjalny	adj	12804	7769	0.279792559513
559	514	typ	subst	9716	6375	0.229589080563
560	515	biuro	subst	20814	9108	0.328015269925
561	516	środowisko	subst	2559	1730	0.0623041740195
562	517	powrót	subst	26906	13597	0.489681996615
563	518	lista	subst	14767	7707	0.277559693161
564	519	pies	subst	27746	9126	0.328663521446
565	520	wymagać	verb	6915	5301	0.190910073108
566	521	milion	num	4857	3130	0.11272373681
567	521	milion	subst	16223	6763	0.243562502251
568	522	najpierw	qub	21883	12953	0.466488997731
569	523	interes	subst	19865	9164	0.330032052436
570	524	budowa	subst	3112	2034	0.0732524219397
571	525	spać	verb	38092	14662	0.528036878309
572	526	postać	subst	5526	3390	0.1220873699
573	526	postać	verb	326	307	0.0110562898405
574	527	ciekawy	adj	16374	10245	0.368963157705
575	528	jednostka	subst	8646	3880	0.139734216876
576	529	okno	subst	12215	7015	0.252638023553
579	532	wchodzić	verb	21208	11954	0.430511038283
580	533	centrum	subst	8833	4879	0.175712176324
581	534	przypominać	verb	11866	8421	0.303273670184
582	535	robota	subst	37117	15756	0.567436165232
583	536	światło	subst	20375	9884	0.3559621133
584	537	opowiadać	verb	8899	6071	0.218640832643
588	540	gazeta	subst	9351	5052	0.181942593726
589	541	córka	subst	30510	9877	0.355710015486
590	542	przyjechać	verb	27041	11747	0.423056145785
591	543	odpowiadać	verb	10733	7575	0.272805848669
592	544	właściwie	adv	24649	11674	0.420427125725
593	545	rodzice	subst	18690	8584	0.309143947852
594	546	skoro	conj	23876	12781	0.460294594303
595	547	święty	adj	12927	5831	0.209997479022
596	548	głosować	verb	3741	1552	0.0558936867505
597	549	wiadomo	pred	6575	5146	0.185327907228
598	550	towarzystwo	subst	6497	4739	0.170670220045
599	551	stopień	subst	8388	5214	0.187776857421
600	552	zdanie	subst	7139	5517	0.198689091367
602	554	rano	adv	22610	12129	0.436813483632
603	554	rano	subst	5878	4650	0.167464976411
604	555	odpowiedni	adj	9587	6773	0.243922641985
605	556	używać	verb	22981	12312	0.443404040768
606	557	szkoda	pred	12189	8269	0.297799546224
607	557	szkoda	subst	1836	1573	0.0566499801923
608	558	konkurs	subst	3284	1484	0.0534447365578
610	560	jeść	verb	35720	14540	0.523643173551
611	561	leżeć	verb	13497	8759	0.315446393201
612	562	list	subst	14119	6108	0.21997334966
614	564	tata	subst	49434	12271	0.441927467858
615	565	zwłaszcza	qub	5721	4366	0.157237007959
616	566	potrzebny	adj	16168	9754	0.351280296755
617	567	blisko	adv	20245	11896	0.428422227824
618	567	blisko	prep	362	345	0.0124248208305
619	568	wówczas	qub	1590	1036	0.0373104764649
621	570	czasem	qub	15474	8848	0.318651636835
623	572	bądź	conj	26357	13666	0.492166960781
626	574	nazwisko	subst	20131	9290	0.334569813087
627	575	autor	subst	1702	1182	0.0425685165844
628	576	przewodniczyć	verb	2825	1401	0.0504555767638
629	577	pozwalać	verb	10231	7380	0.265783123852
630	578	wszelki	adj	8373	6102	0.219757265819
631	579	błąd	subst	18137	10411	0.374941477293
634	582	patrzeć	verb	31403	15353	0.552922533943
638	586	uczyć	verb	18218	9489	0.341736593798
639	587	zdawać	verb	14330	8920	0.321244642921
640	588	impreza	subst	12854	5218	0.187920913314
641	589	kontakt	subst	11588	7120	0.256419490762
642	590	wspaniały	adj	33291	13714	0.493895631505
643	591	nauka	subst	7630	4531	0.163179313574
644	592	chory	adj	16753	8780	0.316202686642
646	594	muzyka	subst	14315	6302	0.226960060503
647	595	korzystać	verb	4010	3263	0.117513595275
648	596	wraz	qub	4946	3663	0.131919184644
649	597	miał	subst	30864	16567	0.596643497677
650	598	dawny	adj	9626	6748	0.24302229265
651	599	ciągle	adv	27453	12257	0.44142327223
652	600	gospodarka	subst	683	461	0.0166024417474
653	601	ludzki	adj	13593	7352	0.264774732596
654	602	silny	adj	17969	10034	0.361364209313
656	604	zamierzać	verb	27765	12361	0.445168725465
658	606	zatem	conj	9455	4382	0.157813231534
659	607	kierunek	subst	7346	5097	0.18356322253
660	608	niski	adj	5167	3789	0.136456945295
661	609	podatek	subst	2880	1698	0.06115172687
662	610	pole	subst	10971	5473	0.197104476537
663	611	płacić	verb	14689	8359	0.301040803832
664	612	zauważyć	verb	17288	10843	0.390499513811
665	613	sprzedaż	subst	4546	3038	0.109410451255
666	614	siostra	subst	32668	10167	0.366154067778
667	615	drogi	adj	19119	9635	0.346994633918
668	616	zależeć	verb	16463	10190	0.366982389167
669	617	znajdować	verb	6118	4427	0.159433860338
672	620	dowód	subst	20695	8872	0.319515972197
673	621	bezpieczeństwo	subst	9256	5417	0.195087694025
675	623	sklep	subst	14739	7193	0.259048510822
676	624	zwrócić	verb	8993	6474	0.233154463932
677	625	sens	subst	16616	10368	0.373392876436
679	627	pozycja	subst	10129	5728	0.206288039759
680	628	martwić	verb	45678	18494	0.666042424461
681	629	właściwy	adj	8075	5679	0.204523355062
682	630	ów	adj	10905	5605	0.201858321029
683	631	zarówno	conj	1805	1495	0.0538408902654
684	632	zawodowy	adj	2497	1939	0.0698310944647
685	633	nagroda	subst	8873	4603	0.16577231966
686	634	partia	subst	2915	1529	0.0550653653618
687	635	zawód	subst	5340	3216	0.115820938524
689	637	wzrost	subst	3467	2432	0.0875859833615
690	638	poważny	adj	14398	9169	0.330212122303
691	639	nazwa	subst	6836	4817	0.173479309972
692	640	produkt	subst	2654	1576	0.0567580221126
693	641	zadanie	subst	6779	4829	0.173911477653
694	642	sieć	subst	4922	2867	0.1032520618
696	644	łatwo	adv	14696	9971	0.359095328988
697	645	pochodzić	verb	12030	7536	0.271401303706
699	647	szczególnie	adv	4942	3782	0.136204847481
700	648	umrzeć	verb	38883	14734	0.530629884395
701	649	niemiecki	adj	4226	1682	0.0605755032953
702	650	linia	subst	13635	7300	0.262902005978
703	651	proponować	verb	4117	3270	0.117765693089
704	652	wina	subst	25482	13234	0.476608924263
705	653	oddział	subst	7961	3923	0.141282817733
709	657	kierować	verb	6837	4858	0.174955882883
710	658	skarb	subst	20829	7847	0.28260164944
711	659	warto	pred	4910	3980	0.143335614218
712	660	miły	adj	35056	15041	0.541686174236
715	663	wykonywać	verb	6259	4739	0.170670220045
716	664	źródło	subst	6682	4108	0.147945402816
717	665	nagle	adv	11933	8080	0.290992905247
718	666	stosować	verb	1966	1616	0.0581985810494
720	668	zmieniać	verb	13846	9055	0.326106529333
722	670	widać	pred	9875	6894	0.248280332769
724	672	kwota	subst	1202	948	0.0341412468038
725	673	policjant	subst	9399	3943	0.142003097202
726	674	ofiara	subst	19604	7669	0.276191162171
728	676	koło	qub	6628	4768	0.171714625275
729	676	koło	subst	2506	1772	0.0638167609032
730	677	oglądać	verb	17716	9774	0.352000576224
732	679	kolej	subst	8299	5973	0.215111463248
733	680	choroba	subst	9174	4840	0.174307631361
734	681	las	subst	10200	4485	0.161522670796
735	682	wiedza	subst	6691	4594	0.165448193899
736	683	propozycja	subst	4523	3359	0.120970936723
737	684	pewność	subst	15172	9254	0.333273310044
738	685	nauczyciel	subst	7579	3567	0.128461843195
739	686	senat	subst	1007	391	0.0140814636079
740	687	materiał	subst	6495	4014	0.144560089315
742	689	kończyć	verb	15399	10106	0.3639572154
743	690	pojechać	verb	24334	11203	0.403464544243
744	691	pić	verb	22232	10688	0.384917347931
745	692	dolar	subst	21211	7715	0.277847804948
747	694	zawierać	verb	3997	2993	0.107789822451
748	695	inwestycja	subst	1216	930	0.0334929952822
749	696	próba	subst	9871	6209	0.223610760975
751	698	efekt	subst	4082	2887	0.103972341268
754	701	przychodzić	verb	18924	11032	0.397306154788
755	702	ocena	subst	2797	1922	0.0692188569165
757	704	występować	verb	3810	2860	0.102999963986
758	705	przykro	adv	45910	17557	0.632297331365
759	706	styczeń	subst	1203	849	0.030575863435
760	707	amerykański	adj	8799	4379	0.157705189614
761	708	kurwa	subst	42569	5809	0.209205171607
762	709	funkcja	subst	1638	1258	0.0453055785645
763	710	mieszkanie	subst	7654	4505	0.162242950265
764	711	wyrok	subst	3893	2479	0.0892786401124
765	712	żołnierz	subst	13586	4499	0.162026866424
767	714	łódź	subst	10107	3291	0.118521986531
768	715	mistrz	subst	15934	4551	0.163899593042
769	716	przeciw	prep	6123	3928	0.1414628876
770	716	przeciw	qub	182	168	0.00605034753484
771	717	dokonać	verb	8165	5563	0.200345734145
773	719	prywatny	adj	7558	5139	0.185075809414
777	723	czerwony	adj	14373	7282	0.262253754457
778	724	rozwiązanie	subst	2820	2362	0.085065005222
779	725	krok	subst	10983	6786	0.24439082364
780	726	tłumaczyć	verb	12099	8773	0.315950588828
782	728	reszta	subst	22966	13251	0.477221161811
784	730	los	subst	11620	6470	0.233010408038
785	731	znak	subst	10928	6663	0.239961104909
786	732	karta	subst	13363	6410	0.230849569633
787	733	zawodnik	subst	3083	1228	0.0442251593618
788	734	piłka	subst	10857	3671	0.132207296431
789	735	krótki	adj	7388	5593	0.201426153347
790	736	przedmiot	subst	3140	2264	0.0815356358267
791	737	prawdopodobnie	adv	14620	8575	0.308819822091
792	738	zdecydować	verb	13028	8518	0.306767025606
794	740	dzwonić	verb	32433	12825	0.461879209133
795	741	scena	subst	10015	4287	0.154391904059
796	742	zgadzać	verb	27423	13606	0.490006122375
797	743	rama	subst	2509	1461	0.0526164151691
799	745	komputer	subst	9974	4231	0.152375121547
800	746	były	adj	7627	5028	0.181078258364
801	747	oferta	subst	5037	3355	0.12082688083
802	748	znacznie	adv	4615	3427	0.123419886916
803	749	zwierzę	subst	12210	5574	0.200741887852
805	751	przyczyna	subst	5301	3670	0.132171282458
808	754	składać	verb	5468	4302	0.15493211366
811	757	zamiast	conj	1400	1302	0.046890193395
812	757	zamiast	prep	9495	7062	0.254330680304
813	758	głupi	adj	33006	15013	0.54067778298
814	759	ruszać	verb	36164	13916	0.501170454136
815	760	duch	subst	16837	6715	0.241833831527
816	761	ciężki	adj	14198	9259	0.333453379911
819	764	instytucja	subst	1031	714	0.0257139770231
820	765	szczęśliwy	adj	28286	12317	0.443584110635
821	766	zabawa	subst	16206	9594	0.345518061008
822	767	kierowca	subst	6287	3286	0.118341916664
823	768	zginąć	verb	26194	11358	0.409046710124
824	769	dyskusja	subst	2427	2038	0.0733964778334
826	771	lipiec	subst	1880	1179	0.0424604746642
827	772	spojrzeć	verb	54756	18747	0.675153959736
829	774	współpraca	subst	2983	2343	0.084380739727
830	775	poprzedni	adj	5592	4481	0.161378614903
831	776	pomagać	verb	16246	10217	0.367954766449
832	777	metoda	subst	4094	2900	0.104440522923
833	778	społeczeństwo	subst	4145	2486	0.0895307379263
834	779	spokojnie	adv	26585	12688	0.456945294774
835	780	nieco	qub	7069	4449	0.160226167753
838	783	drzewo	subst	10646	5096	0.183527208557
840	785	dodawać	verb	1970	1693	0.0609716570029
842	787	gdzieś	qub	21610	13713	0.493859617532
843	788	układ	subst	6984	3949	0.142219181042
844	789	pamięć	subst	8492	5304	0.191018115029
845	790	rzeczywiście	adv	6348	4308	0.155148197501
846	791	umieć	verb	17822	9545	0.34375337631
847	792	suma	subst	6226	4260	0.153419526776
848	793	oczekiwać	verb	12843	8413	0.302985558397
849	794	woleć	verb	18370	11145	0.401375733785
850	795	wskazywać	verb	5246	3747	0.134944358411
851	796	wyraźnie	adv	9333	6529	0.23513523247
852	797	zastanawiać	verb	16633	10586	0.381243922642
853	798	wysoko	adv	7719	5478	0.197284546404
854	799	przyszły	adj	6853	4845	0.174487701228
855	800	natychmiast	qub	18244	10279	0.370187632802
856	801	odpowiedzialność	subst	4513	3426	0.123383872943
857	802	dół	subst	21387	10710	0.385709655346
859	804	zamknąć	verb	48375	17778	0.640256419491
860	805	kredyt	subst	1786	1131	0.0407318039399
861	806	służyć	verb	9222	5950	0.214283141859
862	807	nosić	verb	18405	10545	0.379767349732
863	808	organ	subst	2082	1351	0.0486548780927
865	810	międzynarodowy	adj	2514	1677	0.0603954334282
866	811	pozostawać	verb	4506	3418	0.123095761155
867	812	artykuł	subst	4875	2351	0.0846688515144
869	814	włos	subst	17026	8782	0.316274714589
871	816	pomiędzy	prep	7912	5389	0.194079302769
872	817	całkiem	qub	20475	11333	0.408146360788
873	818	zagraniczny	adj	1541	1074	0.0386790074549
876	821	liga	subst	2405	1313	0.0472863471027
877	822	pacjent	subst	10598	3419	0.123131775129
878	823	skład	subst	1513	1093	0.0393632729499
880	825	zwykle	adv	10070	7081	0.255014945799
881	826	wewnętrzny	adj	4534	2985	0.107501710664
882	827	opieka	subst	6859	4438	0.159830014045
883	828	agent	subst	16618	4772	0.171858681168
885	830	premier	subst	1784	679	0.0244534879533
886	831	zapis	subst	2082	1465	0.0527604710628
888	833	powietrze	subst	12224	7276	0.262037670616
889	834	obowiązywać	verb	1125	997	0.0359059315014
890	835	bawić	verb	23173	12178	0.438578168329
891	836	metr	subst	8089	4246	0.152915331148
894	839	stół	subst	8942	5790	0.208520906112
898	843	średni	adj	3901	2698	0.0971657002917
899	844	świetny	adj	26911	12100	0.435769078402
901	846	tymczasem	qub	2059	1667	0.060035293694
902	847	mocno	adv	11917	7785	0.280368783088
903	848	ksiądz	subst	6020	1673	0.0602513775345
905	850	wydział	subst	5921	2883	0.103828285375
906	851	obszar	subst	4294	2621	0.0943926243382
907	852	obrona	subst	7823	4309	0.155184211474
908	853	zajęcie	subst	6909	4007	0.144307991501
910	855	ogień	subst	18730	7914	0.285014585659
911	856	składka	subst	211	166	0.005978319588
912	857	strata	subst	6989	5162	0.185904130803
913	858	pański	adj	24455	8592	0.309432059639
915	860	wiara	subst	11687	6598	0.237620196636
916	861	statek	subst	24233	4640	0.167104836677
918	863	niebo	subst	14528	7455	0.268484171859
921	866	dawno	adv	13163	8739	0.314726113732
922	867	zakup	subst	5627	3808	0.13714121079
924	869	wersja	subst	6503	4519	0.162747145893
925	870	pozostały	adj	5155	3967	0.142867432564
926	871	atak	subst	15460	7079	0.254942917852
927	872	październik	subst	1416	926	0.0333489393885
928	873	dzisiejszy	adj	10594	7114	0.256203406922
930	875	sędzia	subst	8719	3332	0.119998559441
931	876	uczestnik	subst	800	569	0.0204919508769
932	877	zagrać	verb	11535	5871	0.211438037959
933	878	ramię	subst	9869	6248	0.225015305939
934	879	palec	subst	13724	7957	0.286563186516
936	881	jakoś	qub	12889	8845	0.318543594915
938	883	słońce	subst	12784	6600	0.237692224583
939	884	rodzinny	adj	6024	4402	0.158533511002
940	885	świadek	subst	11702	5532	0.199229300969
941	886	płyta	subst	4086	2144	0.0772139590161
942	887	zdjąć	verb	20159	10871	0.391507905067
943	888	opłata	subst	1424	1140	0.0410559297007
944	889	realizacja	subst	454	402	0.0144776173155
946	891	obcy	adj	10234	5324	0.191738394497
947	892	odbywać	verb	1684	1486	0.0535167645046
948	893	kwiecień	subst	1417	960	0.0345734144848
949	894	oprócz	prep	6649	5023	0.180898188497
950	895	zarzut	subst	4278	2755	0.0992184967767
951	896	zapewniać	verb	4105	3290	0.118485972557
952	897	kara	subst	5058	3348	0.120574783016
953	898	niemal	qub	2903	2060	0.0741887852487
954	899	akt	subst	5501	3702	0.133323729607
955	900	wokół	prep	6430	4736	0.170562178125
956	900	wokół	qub	859	765	0.0275506896676
957	901	sierpień	subst	1375	931	0.0335290092556
958	902	rzeczywistość	subst	6235	3850	0.138653797673
959	903	ilość	subst	5609	4005	0.144235963554
960	904	papier	subst	8808	5488	0.197644686138
961	905	pokazywać	verb	8437	6189	0.222890481507
962	906	bohater	subst	10783	5442	0.195988043361
963	907	doktor	subst	24559	7169	0.25818417546
964	908	ślad	subst	13779	7251	0.261137321281
965	909	energia	subst	9193	4100	0.147657291029
967	911	styl	subst	11281	7171	0.258256203407
968	912	stopa	subst	11584	6439	0.231893974862
969	913	przyjmować	verb	5288	4162	0.149890157381
972	916	światowy	adj	3554	2311	0.0832282925775
973	917	znany	adj	4556	3676	0.132387366298
975	919	adres	subst	8164	4909	0.176792595527
976	920	stały	adj	3491	2810	0.101199265315
977	921	koń	subst	14634	4957	0.178521266251
978	922	kosztować	verb	8340	5821	0.209637339288
979	923	rosnąć	verb	5463	3868	0.139302049195
980	924	uciekać	verb	24652	11628	0.418770482947
982	926	wkrótce	qub	12974	8105	0.291893254583
983	927	podróż	subst	11772	6837	0.246227536284
986	930	stawać	verb	7157	5330	0.191954478338
987	931	sezon	subst	3846	2367	0.0852450750891
988	932	ból	subst	15029	8003	0.288219829294
992	936	wyłącznie	adv	2475	2005	0.0722080167105
994	938	czynić	verb	8561	6114	0.2201894335
996	940	wolno	adv	1046	867	0.0312241149566
997	940	wolno	pred	10402	6698	0.241221593978
998	941	szczególny	adj	3135	2537	0.0913674505708
999	942	spotykać	verb	12817	7879	0.283754096589
1000	943	wybierać	verb	12720	8723	0.314149890157
1002	945	dzieło	subst	5827	4041	0.145532466597
1004	947	wspominać	verb	6905	5342	0.192386646019
1005	948	powodować	verb	4588	3189	0.114848561242
1006	949	okolica	subst	8031	5539	0.199481398783
1008	951	ryzyko	subst	5333	3808	0.13714121079
1009	952	czwarty	adj	5824	3970	0.142975474484
1010	953	pragnąć	verb	11533	6588	0.237260056902
1011	954	stawiać	verb	7683	5669	0.204163215328
1012	955	osobisty	adj	8919	6185	0.222746425613
1014	957	powtarzać	verb	11098	7635	0.274966687075
1023	966	niedziela	subst	4215	2662	0.0958691972485
1024	967	jeździć	verb	9437	5652	0.203550977779
1027	970	prokuratura	subst	741	441	0.015882162279
1028	971	zostawać	verb	12882	8732	0.314474015918
1029	972	bramka	subst	1676	681	0.0245255159002
1031	974	święto	subst	10803	3527	0.127021284258
1033	976	znajomy	adj	9036	5932	0.213634890337
1036	979	sprzęt	subst	5718	3758	0.135340512119
1037	980	lokalny	adj	3196	2438	0.0878020672021
1039	982	tajemnica	subst	11178	6729	0.242338027155
1040	983	agencja	subst	3961	2213	0.0796989231822
1041	984	przyjęcie	subst	7525	4249	0.153023373069
1042	985	dziesięć	num	8942	5300	0.190874059135
1044	987	uczestniczyć	verb	1961	1637	0.0589548744913
1046	989	zwycięstwo	subst	5304	3073	0.110670940325
1047	990	szkolny	adj	3787	2516	0.090611157129
1048	991	czysty	adj	14171	8920	0.321244642921
1049	992	bezpieczny	adj	16927	9584	0.345157921273
1051	994	auto	subst	9784	4171	0.150214283142
1054	997	dusza	subst	13657	6726	0.242229985234
1057	1000	doświadczenie	subst	4203	3314	0.119350307919
1058	1001	armia	subst	10274	4000	0.144055893687
1059	1002	dochodzić	verb	4974	3794	0.136637015162
1060	1003	poważnie	adv	21626	11376	0.409694961645
1061	1004	zielony	adj	8445	5110	0.184031404185
1062	1005	operacja	subst	11977	5067	0.182482803328
1066	1009	słaby	adj	8747	6049	0.217848525228
1068	1011	zachowanie	subst	3752	3010	0.108402059999
1071	1014	przedstawiać	verb	4325	3445	0.124068138438
1075	1018	przechodzić	verb	10356	7322	0.263694313394
1076	1019	całkowicie	adv	11425	7232	0.260453055786
1077	1020	dzieciak	subst	26868	10629	0.382792523499
1078	1021	prawy	adj	8508	5298	0.190802031188
1082	1025	towar	subst	6779	3295	0.118666042424
1084	1027	sprzedawać	verb	9447	5662	0.203911117514
1086	1029	kolor	subst	8272	5177	0.186444340404
1088	1031	zgoda	subst	9796	6242	0.224799222098
1089	1032	bywać	verb	4747	3726	0.134188064969
1090	1033	hotel	subst	12832	5243	0.18882126265
1093	1036	praktyka	subst	1926	1472	0.0530125688767
1094	1037	jakikolwiek	adj	6496	4723	0.170093996471
1095	1038	naturalny	adj	4867	3518	0.126697158497
1096	1039	prokurator	subst	3882	1628	0.0586307487305
1098	1041	dostęp	subst	5252	3265	0.117585623222
1099	1042	sport	subst	3142	2010	0.0723880865776
1101	1044	uniwersytet	subst	3685	2184	0.078654517953
1102	1045	bogaty	adj	9293	5533	0.199265314942
1103	1046	gadać	verb	21234	10767	0.387762451831
1104	1047	interesować	verb	9475	6653	0.239600965174
1105	1048	znaczenie	subst	7138	5544	0.19966146865
1109	1052	analiza	subst	2706	1896	0.0682824936075
1110	1053	partner	subst	9580	4635	0.16692476681
1111	1054	poinformować	verb	3707	2937	0.105773039939
1112	1055	zwykły	adj	9368	6763	0.243562502251
1114	1057	południe	subst	9171	5805	0.209061115713
1115	1058	but	subst	15752	7122	0.256491518709
1116	1059	rachunek	subst	7686	5012	0.180502034789
1121	1064	obecność	subst	4915	3817	0.137465336551
1123	1066	region	subst	979	741	0.0266863543055
1124	1067	przyznawać	verb	3949	3130	0.11272373681
1125	1068	alkohol	subst	4694	3074	0.110706954298
1126	1069	internetowy	adj	1252	921	0.0331688695214
1128	1071	angielski	adj	8173	4667	0.168077213959
1131	1074	relacja	subst	2681	2031	0.0731443800194
1133	1076	strzelać	verb	18898	7749	0.279072280045
1134	1077	przestępstwo	subst	5049	3227	0.116217092232
1135	1078	francuski	adj	5822	3013	0.10851010192
1136	1079	obserwować	verb	10023	6619	0.238376490078
1137	1080	powieść	subst	2422	1235	0.0444772571758
1138	1080	powieść	verb	4964	4058	0.146144704145
1141	1083	rosyjski	adj	3264	1519	0.0547052256275
1143	1085	piosenka	subst	11567	4788	0.172434904743
1144	1086	konkretny	adj	2427	2045	0.0736485756474
1145	1087	chronić	verb	12510	7565	0.272445708935
1146	1088	baza	subst	9264	4077	0.14682896964
1149	1091	ciężko	adv	16056	10060	0.362300572622
1150	1092	morze	subst	8617	4086	0.147153095401
1153	1095	okoliczność	subst	5305	4105	0.147837360896
1155	1097	wydarzenie	subst	4255	3205	0.115424784817
1157	1099	kawałek	subst	14901	8640	0.311160730363
1158	1100	siedem	num	9454	5408	0.194763568264
1159	1101	zachodni	adj	3566	2330	0.0839125580725
1160	1102	tracić	verb	10806	7647	0.275398854756
1163	1105	poradzić	verb	17585	10851	0.390787625599
1166	1108	potwierdzić	verb	7033	4721	0.170021968524
1167	1109	zachowywać	verb	14176	9209	0.33165268124
1169	1111	kawa	subst	17118	8074	0.290776821407
1171	1113	lewy	adj	8882	5360	0.19303489754
1173	1115	piątek	subst	5061	3134	0.112867792704
1174	1116	turniej	subst	2109	707	0.0254618792091
1176	1118	raport	subst	10147	5395	0.19429538661
1178	1120	wyjazd	subst	3383	2674	0.0963013649296
1179	1121	obejmować	verb	1421	1220	0.0439370475745
1183	1125	kochanie	subst	28397	10544	0.379731335758
1185	1127	artysta	subst	3811	2119	0.0763136096806
1187	1129	model	subst	3603	2283	0.0822199013217
1188	1130	uratować	verb	19077	9686	0.348831346562
1192	1134	etap	subst	1905	1370	0.0493391435877
1193	1135	wizyta	subst	6614	4750	0.171066373753
1194	1136	dopóki	conj	19946	11527	0.415133071632
1196	1138	techniczny	adj	1693	1273	0.0458457881658
1201	1143	zachód	subst	6548	4059	0.146180718119
1202	1144	wydatek	subst	1404	1105	0.039795440631
1203	1145	pełnia	subst	4123	3152	0.113516044225
1205	1147	radio	subst	6649	3511	0.126445060684
1206	1148	medyczny	adj	5695	3461	0.124644362012
1208	1150	śmieć	subst	7493	4881	0.175784204271
1209	1150	śmieć	verb	5828	4199	0.151222674398
1211	1152	grozić	verb	6264	4494	0.161846796557
1212	1153	tradycja	subst	3043	2004	0.0721720027371
1213	1154	nieruchomość	subst	1756	1175	0.0423164187705
1215	1156	podkreślać	verb	430	400	0.0144055893687
1217	1158	kierownik	subst	3334	1977	0.0711996254547
1219	1160	klucz	subst	14929	7233	0.260489069759
1220	1161	strach	pred	3	3	0.000108041920265
1221	1161	strach	subst	9219	5555	0.200057622357
1222	1162	wczesny	adj	3479	2792	0.100551013793
1226	1166	własność	subst	3341	2478	0.0892426261389
1228	1168	martwy	adj	19600	9893	0.356286239061
1229	1169	zbierać	verb	8445	6277	0.226059711168
1231	1171	rzeka	subst	7856	3641	0.131126877228
1233	1173	śpiewać	verb	10743	4713	0.169733856736
1236	1176	straszny	adj	15954	9577	0.34490582346
1237	1177	cierpieć	verb	12443	7932	0.285662837181
1238	1178	generał	subst	12183	2467	0.0888464724313
1241	1181	pieprzyć	verb	27353	7121	0.256455504736
1244	1184	odnieść	verb	3047	2504	0.0901789894479
1245	1185	wiązać	verb	2624	2243	0.0807793423848
1246	1186	pogląd	subst	1485	1123	0.0404436921526
1247	1187	urządzenie	subst	3257	2013	0.0724961284979
1248	1188	dostawać	verb	11840	7218	0.259948860158
1249	1189	jakość	subst	1979	1577	0.056794036086
1251	1191	kariera	subst	6409	4290	0.154499945979
1252	1192	kuchnia	subst	8891	5426	0.195411819786
1254	1194	wszędzie	qub	12205	8386	0.302013181114
1256	1196	chętnie	adv	5861	4258	0.15334749883
1257	1197	konieczny	adj	4540	3575	0.128749954983
1259	1199	boleć	verb	15448	8983	0.323513523247
1266	1206	konieczność	subst	768	682	0.0245615298736
1267	1207	radzić	verb	10313	7308	0.263190117766
1269	1209	przygotowywać	verb	3913	3265	0.117585623222
1271	1211	wróg	subst	13706	6374	0.22955306659
1273	1213	bilet	subst	8558	4499	0.162026866424
1275	1215	oceniać	verb	2207	1869	0.0673101163251
1276	1216	zainteresować	verb	3896	3264	0.117549609248
1278	1218	nos	subst	10228	6460	0.232650268304
1281	1221	dziedzina	subst	1281	1084	0.0390391471891
1282	1222	biedny	adj	11466	6804	0.245039075161
1284	1224	komórka	subst	7906	4289	0.154463932006
1286	1226	głosowanie	subst	748	488	0.0175748190298
1287	1227	oficer	subst	9072	3756	0.135268484172
1288	1228	kwiat	subst	9001	4588	0.165232110059
1290	1230	ucho	subst	9002	5891	0.212158317427
1292	1232	małżeństwo	subst	11049	5139	0.185075809414
1294	1234	decydować	verb	4137	3312	0.119278279973
1295	1235	babcia	subst	12192	4274	0.153923722404
1296	1236	handlowy	adj	2283	1524	0.0548852954947
1297	1237	administracja	subst	880	599	0.0215723700796
1300	1240	maszyna	subst	8451	4165	0.149998199301
1301	1241	kolejka	subst	4355	2958	0.106529333381
1305	1245	pusty	adj	7654	5522	0.198869161235
1306	1246	zdrowy	adj	7651	5261	0.189469514171
1308	1248	cywilny	adj	1319	977	0.035185652033
1310	1250	plac	subst	2907	1853	0.0667338927504
1313	1252	umiejętność	subst	4055	2960	0.106601361328
1316	1255	ego	subst	25140	8686	0.312817373141
1317	1256	producent	subst	2507	1465	0.0527604710628
1318	1257	pojęcie	subst	10638	7707	0.277559693161
1319	1258	łatwy	adj	8583	6356	0.228904815068
1320	1259	zjawisko	subst	1160	791	0.0284870529766
1322	1261	umierać	verb	17100	9335	0.336190441891
1323	1262	zechcieć	verb	10743	7069	0.254582778118
1326	1265	tył	subst	13188	8143	0.293261785573
1328	1267	bronić	verb	7403	5001	0.180105881082
1331	1270	wieść	subst	8697	5950	0.214283141859
1332	1270	wieść	verb	1787	1511	0.0544171138402
1334	1272	współczesny	adj	1156	852	0.0306839053553
1336	1274	tryb	subst	975	763	0.0274786617207
1339	1277	miejscowy	adj	2785	2105	0.0758094140527
1340	1278	wrażenie	subst	5047	4083	0.147045053481
1341	1279	zdążyć	verb	6206	4679	0.16850938164
1342	1280	zamknięty	adj	9332	6409	0.23081355566
1343	1281	nadzór	subst	1347	1051	0.0378506860662
1345	1283	sąsiad	subst	5809	3713	0.133719883315
1351	1289	akurat	qub	5385	4219	0.151942953866
1352	1290	któryś	adj	7229	5437	0.195807973494
1354	1292	gimnazjum	subst	528	353	0.0127129326179
1355	1293	lekcja	subst	8177	4948	0.178197140491
1356	1294	data	subst	4576	2633	0.0948247920193
1357	1295	bieg	subst	4378	2803	0.100947167501
1358	1296	otrzymywać	verb	1963	1595	0.0574422876076
1359	1297	biec	verb	10405	5806	0.209097129686
1362	1300	dzielić	verb	6226	4730	0.170346094285
1363	1301	serwis	subst	737	574	0.020672020744
1364	1302	autobus	subst	7713	3563	0.128317787301
1365	1303	reprezentować	verb	3238	2256	0.0812475240393
1370	1308	ryba	subst	10565	4776	0.172002737062
1375	1313	rana	subst	15995	8340	0.300356538337
1379	1317	ukrywać	verb	9624	6522	0.234883134656
1381	1319	życzyć	verb	11222	7115	0.256239420895
1386	1324	zamek	subst	6883	2996	0.107897864371
1388	1326	napis	subst	13156	8170	0.294234162855
1390	1328	rozkaz	subst	16113	6261	0.225483487593
1391	1329	kontrakt	subst	4381	2151	0.0774660568301
1392	1330	odnaleźć	verb	10710	6394	0.230273346058
1393	1331	rolnik	subst	753	439	0.0158101343321
1397	1335	zabijać	verb	16536	8707	0.313573666583
1398	1336	popularny	adj	2970	2327	0.0838045161523
1400	1338	usta	subst	11449	7144	0.257283826125
1401	1339	tani	adj	4197	3093	0.111391219793
1402	1340	panować	verb	3891	3081	0.110959052112
1404	1342	kształt	subst	3075	2331	0.083948572046
1405	1343	utrzymywać	verb	4439	3507	0.12630100479
1407	1345	obrót	subst	1981	1457	0.0524723592754
1408	1346	odcinek	subst	5230	3598	0.129578276371
1409	1347	zdecydowanie	adv	5756	4165	0.149998199301
1410	1347	zdecydowanie	subst	32	32	0.00115244714949
1411	1348	emocja	subst	4017	2776	0.0999747902186
1413	1350	bok	subst	6462	4755	0.17124644362
1414	1351	rodzic	subst	6261	4235	0.152519177441
1417	1354	obudzić	verb	16339	9283	0.334317715274
1419	1356	test	subst	11501	5330	0.191954478338
1420	1357	uczelnia	subst	1702	977	0.035185652033
1422	1359	seks	subst	15168	5563	0.200345734145
1423	1360	kino	subst	4532	2537	0.0913674505708
1425	1362	majątek	subst	1996	1342	0.0483307523319
1427	1364	cecha	subst	2037	1665	0.0599632657471
1429	1366	zdrowotny	adj	884	632	0.0227608312025
1430	1367	procedura	subst	2979	2091	0.0753052184247
1431	1368	czoło	subst	5171	3917	0.141066733893
1432	1369	kontrolować	verb	8363	5350	0.192674757806
1433	1370	boisko	subst	2791	1242	0.0447293549897
1434	1371	siedziba	subst	1190	914	0.0329167717074
1435	1372	zbliżać	verb	9860	6434	0.231713904995
1436	1373	przebywać	verb	3810	3143	0.113191918464
1439	1376	ostry	adj	5927	4340	0.15630064465
1441	1378	gorący	adj	10194	6348	0.228616703281
1442	1379	umysł	subst	10541	5818	0.209529297367
1443	1380	kartka	subst	3386	2268	0.0816796917204
1445	1382	teoria	subst	6514	3468	0.124896459826
1447	1384	piąty	adj	4708	3240	0.116685273886
1449	1386	występ	subst	4070	2196	0.079086685634
1452	1389	podlegać	verb	1114	964	0.0347174703785
1458	1395	plecy	subst	8220	5696	0.20513559261
1462	1399	obejrzeć	verb	8200	5744	0.206864263334
1465	1402	poniedziałek	subst	3931	2601	0.0936723448698
1467	1404	reakcja	subst	3991	2961	0.106637375302
1469	1406	brzeg	subst	3333	2164	0.0779342384845
1470	1407	finał	subst	1754	935	0.0336730651493
1476	1412	zdarzenie	subst	1688	1335	0.048078654518
1477	1413	hasło	subst	2491	1365	0.0491590737206
1482	1418	doskonały	adj	8088	5251	0.189109374437
1485	1421	zabawny	adj	18249	10122	0.364533438974
1487	1423	wojenny	adj	3842	2242	0.0807433284114
1490	1425	księga	subst	4224	1851	0.0666618648035
1494	1429	edukacja	subst	1350	964	0.0347174703785
1495	1430	uczucie	subst	9480	6461	0.232686282278
1498	1432	uśmiech	subst	5345	3697	0.13314365974
1502	1436	poruszać	verb	5205	3749	0.135016386358
1503	1437	posiedzenie	subst	397	320	0.0115244714949
1507	1441	rysunek	subst	1735	1085	0.0390751611625
1508	1442	argument	subst	1317	1061	0.0382108258004
1509	1443	muzyczny	adj	1709	1105	0.039795440631
1510	1444	cień	subst	5953	3375	0.121547160298
1511	1445	nim	conj	9371	6368	0.229336982749
1512	1446	ciemny	adj	5280	3692	0.132963589873
1514	1448	codziennie	adv	6609	4921	0.177224763208
1516	1450	prasa	subst	3619	2246	0.0808873843051
1517	1451	odszkodowanie	subst	832	588	0.021176216372
1518	1452	teza	subst	5491	1652	0.0594950840926
1521	1455	ekipa	subst	5004	2715	0.0977779378399
1522	1456	euro	subst	1017	380	0.0136853099002
1525	1459	przynosić	verb	5604	4382	0.157813231534
1526	1460	fala	subst	5718	3088	0.111211149926
1527	1461	wzrok	subst	3978	3070	0.110562898405
1528	1462	misja	subst	11177	4505	0.162242950265
1534	1468	przeciwnik	subst	3700	2422	0.0872258436273
1535	1469	dwadzieścia	num	3755	2337	0.0841646558865
1537	1471	cisza	subst	7024	4536	0.163359383441
1539	1473	przygotowanie	subst	1947	1675	0.0603234054813
1544	1478	zeszły	adj	10932	7025	0.252998163287
1547	1481	leczyć	verb	4672	2954	0.106385277488
1550	1484	wiatr	subst	6329	3724	0.134116037022
1552	1486	wschód	subst	5523	3473	0.125076529694
1554	1488	zmierzać	verb	6294	4814	0.173371268052
1556	1490	wymiana	subst	2639	1855	0.0668059206972
1559	1493	ostateczny	adj	3334	2534	0.0912594086506
1560	1494	szczyt	subst	5208	3461	0.124644362012
1561	1495	lód	subst	10787	5540	0.199517412756
1565	1499	kamera	subst	10556	4682	0.16861742356
1566	1500	rzadko	adv	2860	2418	0.0870817877336
1567	1501	biblioteka	subst	3175	1850	0.0666258508301
1568	1502	powtórzyć	verb	8137	6095	0.219505168005
1572	1506	dział	subst	2934	1948	0.0701552202254
1574	1508	sądowy	adj	2102	1475	0.053120610797
1576	1510	egzamin	subst	3393	1711	0.0616199085245
1580	1514	osobiście	adv	6669	5127	0.184643641733
1581	1515	obrońca	subst	2485	1553	0.0559297007239
1583	1517	opowieść	subst	4839	3005	0.108221990132
1584	1518	obiecywać	verb	13645	8840	0.318363525048
1585	1519	ekspert	subst	3364	2507	0.0902870313682
1587	1521	zainteresowanie	subst	1496	1327	0.0477905427306
1589	1523	więzienie	subst	9028	4931	0.177584902942
1591	1525	bezpośrednio	adv	2106	1773	0.0638527748767
1592	1526	atmosfera	subst	2833	1889	0.0680303957936
1593	1527	brama	subst	5186	2689	0.0968415745309
1594	1528	pozytywny	adj	1982	1560	0.0561817985378
1595	1529	gaz	subst	5669	3089	0.1112471639
1602	1536	utwór	subst	1055	623	0.0224367054417
1604	1538	medal	subst	2273	1358	0.0489069759067
1605	1539	przejmować	verb	11766	7966	0.286887312277
1607	1541	spadek	subst	1439	1068	0.0384629236144
1608	1542	przeciwny	adj	3936	3194	0.115028631109
1609	1543	ograniczenie	adv	72	67	0.00241293621925
1610	1543	ograniczenie	subst	1021	836	0.0301076817805
1611	1544	ogród	subst	3888	2278	0.0820398314546
1615	1548	śnieg	subst	3590	1884	0.0678503259265
1618	1551	wzór	subst	2484	1795	0.0646450822919
1620	1553	rezultat	subst	2242	1829	0.0658695573883
1622	1555	pobyt	subst	2831	2314	0.0833363344978
1623	1556	poszukiwać	verb	3716	2941	0.105917095833
1627	1560	niesamowity	adj	15560	8788	0.31649079843
1628	1561	słodki	adj	14354	8094	0.291497100875
1631	1564	technika	subst	3336	1973	0.071055569561
1633	1566	wymyślić	verb	9360	6740	0.242734180862
1635	1568	prezent	subst	12054	6429	0.231533835128
1637	1570	handel	subst	2361	1649	0.0593870421724
1638	1571	wóz	subst	9644	4132	0.148809738178
1639	1572	pokolenie	subst	2747	1993	0.0717758490294
1640	1573	strzał	subst	7587	4326	0.155796449022
1641	1574	dołączyć	verb	8672	6162	0.221918104224
1643	1576	kiedykolwiek	qub	15873	9078	0.326934850722
1644	1577	niezwykły	adj	6107	4275	0.153959736378
1645	1578	pierś	subst	5512	3436	0.123744012677
1646	1579	krzyż	subst	2428	1349	0.0485828501459
1647	1580	stawka	subst	2253	1687	0.0607555731624
1649	1582	plik	subst	1666	971	0.0349695681925
1655	1588	dźwięk	subst	6504	3998	0.14398386574
1657	1590	potężny	adj	6372	3969	0.142939460511
1658	1591	wybrany	adj	2083	1607	0.0578744552887
1659	1592	biznes	subst	5829	3456	0.124464292145
1660	1593	ostatecznie	adv	2056	1696	0.0610796989232
1661	1594	działka	subst	2460	1721	0.0619800482587
1664	1597	więzić	verb	8795	5001	0.180105881082
1666	1599	śledztwo	subst	5846	3182	0.114596463428
1667	1600	zbrodnia	subst	8708	4377	0.157633161667
1670	1603	odchodzić	verb	9696	6380	0.22976915043
1671	1604	wprawdzie	qub	391	347	0.0124968487773
1672	1605	kula	subst	10137	4660	0.167825116145
1674	1607	fabryka	subst	4056	1999	0.07199193287
1676	1609	kłamać	verb	15704	8555	0.308099542623
1677	1610	wykazać	verb	2499	1989	0.0716317931357
1680	1613	narkotyk	subst	9519	4048	0.145784564411
1681	1614	dorosły	adj	4158	3114	0.112147513235
1682	1615	zimny	adj	6556	4823	0.173695393813
1683	1616	chęć	subst	4173	3259	0.117369539381
1689	1622	udzielać	verb	1453	1284	0.0462419418734
1692	1625	gabinet	subst	3662	2353	0.0847408794612
1693	1626	mylić	verb	11863	8082	0.291064933194
1694	1627	wejście	subst	3265	2657	0.0956891273814
1697	1630	dupa	subst	16627	6734	0.242518097022
1699	1632	wizja	subst	4302	2542	0.0915475204379
1702	1635	aresztować	verb	10603	5638	0.203046782151
1703	1636	strasznie	adv	10345	7083	0.255086973746
1705	1638	szalony	adj	14300	8208	0.295602693845
1707	1640	oskarżony	adj	2587	1423	0.0512478841791
1709	1642	pałac	subst	2823	1345	0.0484387942522
1713	1646	pobliże	subst	6529	4979	0.179313573667
1720	1653	poddać	verb	8334	5616	0.202254474736
1721	1654	prawnik	subst	9501	4270	0.153779666511
1722	1655	sektor	subst	2085	1152	0.0414880973818
1726	1659	ulubiony	adj	9302	6311	0.227284186264
1727	1660	wypłata	subst	1702	1291	0.0464940396874
1728	1661	komendant	subst	2056	702	0.025281809342
1730	1663	wysiłek	subst	2442	2072	0.0746209529297
1733	1666	papież	subst	1803	630	0.0226888032557
1743	1676	wspomnienie	subst	6055	3682	0.132603450139
1745	1678	masa	subst	3840	2767	0.0996506644578
1746	1679	widzenie	subst	6836	4484	0.161486656823
1747	1680	odpowiednio	adv	1482	1329	0.0478625706774
1748	1681	regulamin	subst	986	648	0.0233370547773
1749	1682	połączenie	subst	3148	2290	0.0824719991357
1750	1683	niedługo	adv	9985	6950	0.250297115281
1754	1687	pas	subst	5225	3297	0.118738070371
1755	1688	lot	subst	7924	3759	0.135376526092
1756	1689	planeta	subst	12916	3709	0.133575827421
1760	1693	fajny	adj	11544	6895	0.248316346743
1764	1697	mnóstwo	subst	8651	5831	0.209997479022
1770	1703	ranny	adj	8429	5044	0.181654481939
1771	1704	kradzież	subst	4337	2748	0.0989663989628
1772	1705	kieszeń	subst	5273	3827	0.137825476285
1777	1710	wyjście	subst	7091	5362	0.193106925487
1778	1711	uprawnienie	subst	547	456	0.0164223718803
1779	1712	dotykać	verb	11032	7074	0.254762847985
1782	1715	złodziej	subst	5971	3112	0.112075485288
1783	1716	lato	subst	3431	2286	0.082327943242
1785	1718	żart	subst	10148	6626	0.238628587892
1786	1719	zajęty	adj	11692	7903	0.284618431952
1790	1723	kilometr	subst	3857	2426	0.087369899521
1791	1724	niespodzianka	subst	9912	6319	0.227572298052
1795	1728	równy	adj	2732	2029	0.0730723520726
1800	1733	samotny	adj	8977	5699	0.20524363453
1804	1737	zewnętrzny	adj	2078	1433	0.0516080239133
1807	1740	głęboko	adv	5180	3834	0.138077574099
1810	1743	interesujący	adj	6561	4733	0.170454136205
1811	1744	silnik	subst	6462	2793	0.100587027767
1813	1746	organizm	subst	2258	1439	0.0518241077538
1814	1747	prowadzenie	subst	1043	866	0.0311881009832
1815	1748	opis	subst	1627	1276	0.0459538300861
1818	1751	seksualny	adj	4341	2629	0.0946807361256
1824	1757	szczerze	adv	8989	6427	0.231461807181
1826	1759	modlitwa	subst	3224	2103	0.0757373861058
1831	1763	weekend	subst	8026	4435	0.159721972125
1832	1764	ha	qub	8553	2241	0.080707314438
1834	1766	lekki	adj	3307	2670	0.0961573090359
1835	1767	gracz	subst	3616	1761	0.0634206071956
1836	1768	tym	conj	6251	5115	0.184211474052
1839	1771	cud	subst	7184	4760	0.171426513487
1840	1772	śmieszny	adj	12171	7621	0.274462491447
1844	1776	ekran	subst	2474	1677	0.0603954334282
1845	1777	nóż	subst	8272	4217	0.151870925919
1851	1783	zmęczony	adj	9141	6055	0.218064609068
1852	1784	dumny	adj	11359	7384	0.265927179746
1857	1788	pełnić	verb	691	613	0.0220765657075
1858	1789	poczta	subst	3805	2569	0.0925198977203
1859	1790	południowy	adj	4746	2946	0.1060971657
1860	1791	urządzić	verb	4812	3517	0.126661144524
1861	1792	przyjaciółka	subst	12768	6438	0.231857960889
1863	1794	marka	subst	1816	1203	0.0433248100263
1864	1795	towarzysz	subst	5159	1962	0.0706594158534
1866	1797	smutny	adj	8362	5624	0.202542586524
1871	1802	nastrój	subst	4462	3510	0.12640904671
1876	1807	ktokolwiek	subst	11944	8118	0.292361436237
1881	1812	zostawiać	verb	9885	7117	0.256311448842
1886	1817	nieznany	adj	2941	2302	0.0829041668167
1887	1818	kąt	subst	2479	1936	0.0697230525444
1888	1819	dziura	subst	7511	4674	0.168329311773
1892	1823	złoto	adv	2677	1162	0.041848237116
1893	1823	złoto	subst	4336	1991	0.0717038210826
1894	1824	mapa	subst	5858	2814	0.101343321209
1897	1827	porucznik	subst	12151	2787	0.100370943926
1898	1828	kadra	subst	551	421	0.0151618828105
1899	1829	publiczność	subst	1771	1130	0.0406957899665
1903	1833	wyobrażać	verb	6749	5150	0.185471963122
1906	1836	pilnować	verb	8323	5679	0.204523355062
1918	1848	wprowadzenie	subst	418	389	0.014009435661
1919	1849	załoga	subst	5639	1991	0.0717038210826
1923	1853	przód	subst	7278	4991	0.179745741348
1925	1855	utrata	subst	2415	2002	0.0720999747902
1929	1859	morderstwo	subst	13594	5362	0.193106925487
1939	1868	zależność	subst	520	475	0.0171066373753
1946	1875	talent	subst	5588	3680	0.132531422192
1947	1876	magazyn	subst	5789	3171	0.11420030972
1951	1880	kot	subst	6190	2810	0.101199265315
1953	1882	łącznie	adv	960	872	0.0314041848237
1961	1890	tajny	adj	6384	3685	0.132711492059
1964	1893	zerwać	verb	6501	4154	0.149602045594
1965	1894	wpływać	verb	1948	1560	0.0561817985378
1971	1900	widoczny	adj	1472	1230	0.0442971873087
1974	1903	skarga	subst	1915	1388	0.0499873951093
1978	1907	chłop	subst	4457	2562	0.0922677999064
1980	1909	ograniczać	verb	1008	917	0.0330248136277
1981	1910	dowódca	subst	5716	2341	0.0843087117802
1982	1911	męski	adj	4351	3036	0.109338423308
1992	1921	kumpel	subst	12679	6599	0.23765621061
1995	1924	wpisać	verb	2024	1620	0.0583426369431
1998	1927	zgodny	adj	1194	1031	0.0371304065978
2003	1932	żałować	verb	7955	5575	0.200777901826
2004	1933	zdolny	adj	5226	3932	0.141606943494
2005	1934	grzech	subst	4783	2610	0.0939964706306
2008	1937	schody	subst	4705	3198	0.115172687003
2009	1938	cykl	subst	1116	732	0.0263622285447
2011	1940	rower	subst	3511	1819	0.065509417654
2013	1942	wykonanie	subst	1126	1035	0.0372744624914
2015	1944	wisieć	verb	5255	3969	0.142939460511
2019	1948	wino	subst	7290	4298	0.154788057766
2025	1954	przemoc	subst	4245	2771	0.0997947203515
2026	1955	poszukiwanie	subst	3578	2743	0.0987863290957
2027	1956	ćwiczenie	subst	2949	1914	0.0689307451291
2028	1957	wytrzymać	verb	7761	5566	0.200453776065
2032	1961	nocny	adj	4567	3167	0.114056253826
2034	1963	zaangażować	verb	2688	2154	0.0775740987503
2035	1964	premiera	subst	1177	629	0.0226527892822
2039	1968	ucieczka	subst	6022	4040	0.145496452624
2044	1973	temperatura	subst	3363	2024	0.0728922822055
2047	1976	pijany	adj	6524	4078	0.146864983614
2049	1978	realny	adj	1329	1060	0.038174811827
2051	1980	wyjaśnienie	subst	2064	1794	0.0646090683185
2054	1983	niezależnie	adv	1627	1385	0.049879353189
2057	1986	zarazem	qub	686	621	0.0223646774949
2058	1987	oświadczenie	subst	1407	1065	0.0383548816941
2061	1990	opisywać	verb	1451	1148	0.0413440414881
2064	1993	tempo	subst	2223	1756	0.0632405373285
2065	1994	sekcja	subst	3859	1859	0.0669499765909
2068	1997	urodziny	subst	9297	4481	0.161378614903
2069	1998	zastrzelić	verb	12583	5999	0.216047826557
2070	1999	porozumienie	subst	842	709	0.025533907156
2071	2000	wygląd	subst	3534	2701	0.097273742212
2076	2005	zimno	adv	6133	4012	0.144488061368
2077	2005	zimno	subst	1337	1144	0.0411999855944
2078	2006	przysługiwać	verb	215	200	0.00720279468434
2081	2009	znajomość	subst	2023	1733	0.0624122159398
2087	2014	zgubić	verb	11256	7042	0.253610400836
2088	2015	odległość	subst	3307	2310	0.0831922786041
2092	2018	policyjny	adj	3852	2506	0.0902510173947
2099	2025	ubranie	subst	7734	5167	0.18608420067
2101	2027	rozmiar	subst	3933	2971	0.106997515036
2102	2028	bitwa	subst	5804	3041	0.109518493175
2103	2029	awans	subst	2103	1358	0.0489069759067
2104	2030	fałszywy	adj	5415	3607	0.129902402132
2111	2037	północny	adj	4692	2822	0.101631432996
2112	2038	zamówić	verb	6991	4821	0.173623365866
2113	2039	salon	subst	3649	2417	0.0870457737602
2119	2045	łazienka	subst	7259	4604	0.165808333633
2121	2047	lotnisko	subst	6166	3242	0.116757301833
2122	2048	skok	subst	3555	1845	0.066445780963
2130	2056	faktycznie	adv	3667	2796	0.100695069687
2132	2058	strój	subst	4432	3070	0.110562898405
2136	2062	wiec	subst	9264	2348	0.0845608095941
2141	2067	fotografia	subst	1372	966	0.0347894983254
2143	2069	morderca	subst	10188	4692	0.168977563295
2149	2075	wieża	subst	4372	2042	0.0735405337271
2152	2077	lęk	subst	1766	1256	0.0452335506176
2154	2079	komentarz	subst	1716	1375	0.0495192134548
2156	2081	wskaźnik	subst	776	577	0.0207800626643
2166	2091	nienawidzić	verb	11818	7361	0.265098858357
2169	2094	ciemność	subst	5364	3268	0.117693665142
2170	2095	atrakcyjny	adj	2262	1777	0.0639968307703
2172	2097	szary	adj	2120	1510	0.0543810998667
2173	2098	tor	subst	3090	1569	0.0565059242986
2174	2099	aktualny	adj	1413	1257	0.0452695645911
2175	2100	tatuś	subst	11477	5196	0.187128605899
2177	2102	ćwiczyć	verb	5221	3535	0.127309396046
2182	2107	umówić	verb	7630	5067	0.182482803328
2186	2111	nowo	adv	1954	1658	0.0597111679332
2188	2113	węgiel	subst	1593	912	0.0328447437606
2190	2115	winny	adj	5896	4144	0.149241905859
2191	2116	przygoda	subst	3392	2285	0.0822919292686
2200	2125	dług	subst	3211	2025	0.0729282961789
2203	2128	prędkość	subst	4325	2290	0.0824719991357
2205	2130	szeroko	adv	1368	1189	0.0428206143984
2206	2131	wyprawa	subst	2232	1424	0.0512838981525
2209	2134	ojczyzna	subst	1695	1056	0.0380307559333
2210	2135	upadek	subst	2641	2025	0.0729282961789
2211	2136	rejestr	subst	971	706	0.0254258652357
2217	2142	pośrednictwo	subst	183	169	0.00608636150827
2218	2143	lud	subst	3312	1582	0.0569741059531
2220	2145	aktywność	subst	1325	975	0.0351136240861
2227	2152	powyżej	prep	940	845	0.0304318075413
2228	2152	powyżej	qub	133	126	0.00453776065113
2229	2153	kłamstwo	subst	8468	5258	0.189361472251
2234	2158	zmarły	adj	3213	2312	0.0832643065509
2237	2161	adwokat	subst	6166	2922	0.105232830338
2240	2164	zajść	verb	6533	5023	0.180898188497
2241	2165	skrzydło	subst	4274	2536	0.0913314365974
2243	2167	zabójstwo	subst	7129	3384	0.121871286059
2244	2168	zwycięzca	subst	3628	2232	0.0803831886772
2246	2170	malować	verb	3278	1974	0.0710915835344
2258	2182	instytut	subst	1284	696	0.0250657255015
2260	2184	niezbyt	qub	4020	3331	0.119962545468
2261	2185	absolutnie	adv	5067	3856	0.138869881514
2267	2190	edycja	subst	351	279	0.0100478985847
2270	2193	księżyc	subst	7236	3101	0.111679331581
2279	2202	tworzenie	subst	570	497	0.0178989447906
2282	2205	pokład	subst	8081	3224	0.116109050312
2289	2212	zatrzymywać	verb	5266	4023	0.144884215075
2291	2214	ładnie	adv	7604	5402	0.194547484424
2295	2218	lewa	subst	6679	3875	0.139554147009
2298	2221	denerwować	verb	6940	5053	0.1819786077
2299	2222	godny	adj	3155	2530	0.0911153527569
2310	2233	doczekać	verb	5420	4361	0.157056938092
2319	2242	trójka	subst	3742	2732	0.0983901753881
2320	2243	portfel	subst	3359	2193	0.0789786437138
2322	2245	odkąd	qub	9739	6943	0.250045017467
2325	2248	dzieciństwo	subst	3392	2571	0.0925919256672
2335	2258	istnienie	subst	1874	1527	0.0549933374149
2336	2259	siódmy	adj	2878	2112	0.0760615118666
2339	2262	galeria	subst	1400	765	0.0275506896676
2343	2266	pogotowie	subst	2157	1642	0.0591349443584
2353	2276	trawa	subst	2784	1794	0.0646090683185
2356	2279	pilot	subst	6660	2568	0.0924838837469
2357	2280	tędy	qub	11223	6737	0.242626138942
2361	2284	ludność	subst	717	555	0.019987755249
2365	2288	ostrożnie	adv	7071	4931	0.177584902942
2367	2290	rozbić	verb	5529	3766	0.135628623906
2375	2298	stolik	subst	3681	2432	0.0875859833615
2376	2299	telewizor	subst	3664	2372	0.0854251449562
2381	2304	samochodowy	adj	2389	1820	0.0655454316275
2385	2308	status	subst	1357	1063	0.0382828537473
2388	2311	basen	subst	4293	2247	0.0809233982785
2396	2319	zapalić	verb	5051	3566	0.128425829222
2401	2324	rocznie	adv	1192	859	0.0309360031692
2404	2327	moda	subst	2916	1550	0.0558216588036
2406	2329	biurko	subst	4352	3013	0.10851010192
2416	2339	ciężarówka	subst	6754	3085	0.111103108006
2418	2341	wsparcie	subst	3291	2601	0.0936723448698
2422	2345	robotnik	subst	1435	874	0.0314762127706
2425	2348	dokładny	adj	2901	2356	0.0848489213815
2426	2349	ścigać	verb	5960	3818	0.137501350524
2434	2357	przedstawienie	subst	2866	1968	0.0708754996939
2435	2358	podwójny	adj	4443	3285	0.11830590269
2439	2362	plaża	subst	5736	2976	0.107177584903
2441	2364	początkowo	adv	623	550	0.0198076853819
2442	2365	rocznica	subst	2162	1281	0.0461338999532
2444	2367	miliard	num	507	374	0.0134692260597
2445	2367	miliard	subst	2421	1277	0.0459898440595
2451	2373	krąg	subst	2171	1269	0.0457017322721
2454	2376	koszula	subst	4782	3134	0.112867792704
2459	2381	port	subst	2643	1552	0.0558936867505
2461	2383	poezja	subst	1569	934	0.0336370511759
2462	2384	dworzec	subst	1100	766	0.027586703641
2463	2385	zamordować	verb	6780	4100	0.147657291029
2470	2392	niewątpliwie	adv	651	573	0.0206360067706
2473	2395	cichy	adj	3094	2320	0.0835524183383
2478	2400	tożsamość	subst	3074	2111	0.0760254978932
2482	2404	równocześnie	adv	480	428	0.0154139806245
2483	2405	wizerunek	subst	1256	1001	0.0360499873951
2487	2409	przenosić	verb	2990	2425	0.0873338855476
2488	2410	front	subst	2766	1610	0.0579824972089
2491	2413	cytat	subst	702	553	0.0199157273022
2494	2416	łaska	subst	2382	1675	0.0603234054813
2499	2420	www	subst	5223	3708	0.133539813448
2516	2435	piasek	subst	2807	1624	0.0584866928368
2518	2437	naprawa	subst	2709	2026	0.0729643101523
2521	2440	wilk	subst	4424	1857	0.0668779486441
2523	2442	przysięgać	verb	10661	6659	0.239817049015
2528	2447	dziennie	adv	2874	2296	0.0826880829762
2541	2460	niepokój	subst	1302	1071	0.0385709655346
2547	2466	stale	adv	1451	1127	0.0405877480462
2558	2477	warta	subst	3362	2718	0.0978859797601
2559	2478	laboratorium	subst	6227	3048	0.109770590989
2561	2480	cukier	subst	3331	2188	0.0787985738467
2566	2485	ciężar	subst	2101	1688	0.0607915871358
2568	2487	kwalifikacja	subst	887	707	0.0254618792091
2575	2494	jasno	adv	3880	3218	0.115892966471
2582	2501	cela	subst	4158	2439	0.0878380811755
2585	2504	oddech	subst	4696	3477	0.125220585587
2587	2506	wyrwać	verb	4146	3333	0.120034573414
2594	2513	pogrzeb	subst	5399	3048	0.109770590989
2599	2518	znaczący	adj	1327	1099	0.0395793567904
2603	2522	obietnica	subst	4023	2800	0.100839125581
2618	2537	zaufanie	subst	2539	2134	0.0768538192819
2623	2542	ponowny	adj	1233	1071	0.0385709655346
2626	2545	powstanie	subst	427	373	0.0134332120863
2629	2548	interpretacja	subst	520	431	0.0155220225447
2632	2551	zło	subst	4296	2498	0.0899629056074
2636	2555	orzeczenie	subst	210	145	0.00522202614614
2644	2563	leczenie	subst	1667	1205	0.0433968379731
2645	2564	siadać	verb	11650	6874	0.247560053301
2651	2570	ściśle	adv	1399	1166	0.0419922930097
2656	2575	łeb	subst	4882	3263	0.117513595275
2660	2579	ogłoszenie	subst	1273	972	0.0350055821659
2663	2582	bramkarz	subst	534	297	0.0106961501062
2664	2583	przekaz	subst	1417	983	0.0354017358735
2667	2586	worek	subst	3345	2263	0.0814996218533
2671	2590	krowa	subst	4317	2186	0.0787265458998
2677	2596	honor	subst	5016	3099	0.111607303634
2682	2601	mina	subst	5886	3354	0.120790866856
2683	2602	popularność	subst	544	462	0.0166384557208
2687	2606	krzyk	subst	2943	2206	0.0794468253682
2689	2608	oficjalnie	adv	2733	2329	0.0838765440991
2690	2609	orzeł	subst	2649	985	0.0354737638204
2691	2610	mieszać	verb	4948	3962	0.142687362697
2695	2614	przestawać	verb	3581	2946	0.1060971657
2704	2623	dwójka	subst	4341	3238	0.116613245939
2708	2626	autostrada	subst	2436	1599	0.0575863435013
2717	2635	wdzięczny	adj	6083	4591	0.165340151979
2731	2649	kochany	adj	4692	3245	0.116865343753
2737	2655	odrobina	subst	5478	4063	0.146324774012
2739	2657	wypełniać	verb	1958	1633	0.0588108185976
2741	2659	serial	subst	2814	1206	0.0434328519466
2751	2669	pasja	subst	1815	1364	0.0491230597472
2753	2671	królestwo	subst	3814	1778	0.0640328447438
2760	2678	napastnik	subst	1160	800	0.0288111787374
2765	2683	jajko	subst	5187	2785	0.100298915979
2767	2685	gotówka	subst	4561	2926	0.105376886232
2768	2686	przemiana	subst	1072	784	0.0282349551626
2774	2692	podanie	subst	1372	984	0.0354377498469
2775	2693	sprzedawca	subst	2169	1489	0.0536248064249
2777	2695	medycyna	subst	2240	1485	0.0534807505312
2778	2696	płaca	subst	826	638	0.022976915043
2786	2704	eksperyment	subst	3567	1897	0.0683185075809
2790	2708	sukienka	subst	5894	3137	0.112975834624
2791	2709	zasługa	subst	1405	1199	0.0431807541326
2794	2712	nieszczęście	subst	2245	1799	0.0647891381856
2796	2714	brzuch	subst	3334	2533	0.0912233946771
2797	2715	równowaga	subst	2304	1681	0.0605394893219
2798	2716	przesłuchanie	subst	3267	2104	0.0757734000792
2801	2719	archiwum	subst	1264	798	0.0287391507905
2805	2723	pożarny	adj	507	392	0.0141174775813
2808	2726	deska	subst	2608	1489	0.0536248064249
2809	2727	ławka	subst	1271	863	0.0310800590629
2814	2732	kostka	subst	2860	1832	0.0659775993085
2820	2738	niczym	prep	3255	2339	0.0842366838333
2821	2739	zasięg	subst	3558	2426	0.087369899521
2822	2740	przegląd	subst	683	546	0.0196636294882
2823	2741	wykonywanie	subst	293	279	0.0100478985847
2825	2743	opanować	verb	2829	2272	0.0818237476141
2837	2755	naprzód	qub	6335	3360	0.121006950697
2839	2757	głąb	subst	2427	1971	0.0709835416141
2840	2758	mebel	subst	1828	1307	0.0470702632621
2841	2759	emocjonalny	adj	1787	1390	0.0500594230561
2850	2768	lekarstwo	subst	5157	3008	0.108330032052
2858	2776	dziesiątka	subst	1486	1224	0.0440811034681
2859	2777	zapas	subst	3352	2369	0.085317103036
2860	2778	kluczowy	adj	1248	1036	0.0373104764649
2861	2779	doba	subst	1737	1427	0.0513919400727
2863	2781	niedaleko	adv	4246	3459	0.124572334066
2867	2785	zatrudnienie	subst	338	316	0.0113804156013
2873	2791	satysfakcja	subst	899	779	0.0280548852955
2877	2795	władca	subst	2746	1333	0.0480066265711
2878	2796	kosz	subst	2870	1857	0.0668779486441
2880	2798	zamówienie	subst	1468	1181	0.042532502611
2882	2800	kopia	subst	3479	2409	0.0867576619728
2884	2802	dramat	subst	1029	783	0.0281989411892
2889	2807	kolumna	subst	1302	657	0.023661180538
2891	2809	zapłata	subst	2028	1639	0.0590269024381
2906	2824	uznanie	subst	718	665	0.0239492923254
2908	2826	nastawić	verb	2310	1970	0.0709475276407
2909	2827	dzieje	subst	1293	1121	0.0403716642057
2911	2829	napad	subst	4108	2103	0.0757373861058
2913	2831	ciasto	subst	4931	2560	0.0921957719595
2914	2832	słabość	subst	2820	2199	0.0791947275543
2915	2833	smutek	subst	3037	2145	0.0772499729895
2933	2851	powiązać	verb	2805	2096	0.0754852882919
2938	2856	taksówka	subst	5107	2799	0.100803111607
2943	2861	ledwo	qub	3854	3258	0.117333525408
2945	2863	niepotrzebny	adj	1858	1622	0.05841466489
2949	2867	instrukcja	subst	2417	1845	0.066445780963
2954	2872	lustro	subst	3263	2111	0.0760254978932
2956	2874	mila	subst	9141	4337	0.15619260273
2959	2877	uzasadniony	adj	468	399	0.0143695753953
2962	2880	dysk	subst	1911	901	0.0324485900529
2971	2889	zaszczyt	subst	4259	3144	0.113227932438
2974	2892	ledwie	qub	2147	1825	0.0657255014946
2977	2895	zemsta	subst	4740	3020	0.108762199733
2978	2896	płeć	subst	1569	1081	0.0389311052688
2980	2898	ostro	adv	2483	2015	0.0725681564447
2984	2902	dama	subst	6025	3728	0.134260092916
2987	2905	młodość	subst	1755	1343	0.0483667663053
2990	2908	godność	subst	1709	1333	0.0480066265711
2995	2913	przeciwieństwo	subst	2049	1815	0.0653653617604
2996	2914	zajrzeć	verb	3409	2735	0.0984982173083
2998	2916	portret	subst	1311	876	0.0315482407174
3006	2924	słusznie	adv	2207	1826	0.065761515468
3008	2926	cierpienie	subst	2157	1720	0.0619440342853
3009	2927	kopać	verb	4051	2818	0.101487377102
3010	2928	magia	subst	5457	2236	0.0805272445709
3016	2934	serdecznie	adv	695	630	0.0226888032557
3017	2935	nagi	adj	3887	2536	0.0913314365974
3020	2938	stosowanie	subst	133	117	0.00421363489034
3024	2942	wykształcić	verb	613	554	0.0199517412756
3038	2956	zawiadomić	verb	2628	2066	0.0744048690892
3042	2960	naruszenie	subst	602	529	0.0190513919401
3043	2961	alarm	subst	5474	3076	0.110778982245
3052	2970	bolesny	adj	2436	2041	0.0735045197537
3053	2971	pokrywać	verb	909	796	0.0286671228437
3069	2987	rycerz	subst	3061	948	0.0341412468038
3072	2990	wskazówka	subst	3714	2658	0.0957251413548
3077	2995	napój	subst	2649	1806	0.0650412359996
3080	2998	skrót	subst	1962	1610	0.0579824972089
3081	2999	myślenie	subst	1517	1347	0.048510822199
3082	3000	publicznie	adv	1397	1176	0.0423524327439
3094	3012	zwyknąć	verb	3326	2806	0.101055209421
3095	3013	winda	subst	4322	2280	0.0821118594014
3096	3014	śmierdzieć	verb	6000	4156	0.149674073541
3100	3018	cios	subst	3068	1940	0.0698671084381
3105	3023	stwierdzenie	subst	344	318	0.0114524435481
3109	3027	gratulacja	subst	7036	4821	0.173623365866
3118	3036	śliczny	adj	5358	3685	0.132711492059
3127	3045	emisja	subst	442	285	0.0102639824252
3134	3051	półka	subst	1411	1139	0.0410199157273
3137	3054	pięćdziesiąt	num	1428	929	0.0334569813087
3138	3055	płuco	subst	3810	2033	0.0732164079663
3139	3056	więź	subst	2064	1555	0.0560017286707
3142	3059	liść	subst	1443	1047	0.0377066301725
3147	3064	polować	verb	4560	2820	0.101559405049
3152	3069	wygodny	adj	1949	1680	0.0605034753484
3153	3070	przeważnie	adv	987	846	0.0304678215147
3154	3071	nagranie	subst	3462	2078	0.0748370367703
3156	3073	poparcie	subst	712	582	0.0209601325314
3160	3077	ogólnie	adv	1042	934	0.0336370511759
3163	3080	wzrastać	verb	1131	909	0.0327367018403
3172	3089	stado	subst	3680	1658	0.0597111679332
3181	3098	ambicja	subst	1234	1003	0.036122015342
3183	3100	prawdopodobny	adj	1933	1676	0.0603594194547
3192	3109	niepokoić	verb	3092	2492	0.0897468217668
3193	3110	głupota	subst	4058	3142	0.113155904491
3195	3112	czterdzieści	num	1170	824	0.0296755140995
3198	3115	metal	subst	2267	1453	0.0523283033817
3208	3124	konsultacja	subst	713	575	0.0207080347175
3212	3128	skończony	adj	5831	4352	0.156732812331
3220	3136	potęga	subst	1771	1243	0.0447653689632
3229	3145	wyzwanie	subst	2466	1690	0.0608636150827
3230	3146	trup	subst	4382	3052	0.109914646883
3233	3149	zabity	adj	4787	3466	0.12482443188
3235	3151	funt	subst	4404	1726	0.0621601181258
3239	3155	ubrany	adj	2412	2076	0.0747650088234
3242	3158	tunel	subst	4611	1985	0.071487737242
3248	3164	napięcie	subst	1214	1050	0.0378146720928
3252	3168	tylny	adj	3286	2510	0.0903950732884
3257	3173	miękki	adj	2173	1763	0.0634926351424
3268	3184	kłócić	verb	4492	3234	0.116469190046
3270	3186	broda	subst	2882	1440	0.0518601217272
3280	3196	samotność	subst	2435	1878	0.0676342420859
3285	3201	pocisk	subst	3644	1813	0.0652933338135
3298	3214	groźba	subst	1734	1373	0.049447185508
3305	3221	kurczak	subst	6015	3056	0.110058702777
3308	3224	malarz	subst	1075	613	0.0220765657075
3313	3229	podjęcie	subst	383	361	0.0130010444052
3314	3230	zbiornik	subst	1995	1120	0.0403356502323
3322	3238	podejrzenie	subst	1601	1356	0.0488349479598
3326	3242	niewłaściwy	adj	3154	2410	0.0867936759463
3331	3247	świt	subst	2167	1654	0.0595671120395
3365	3281	hałas	subst	3056	2407	0.086685634026
3367	3283	zezwolenie	subst	616	508	0.0182950984982
3373	3289	róża	subst	2115	1142	0.0411279576476
3382	3297	odniesienie	subst	335	292	0.0105160802391
3393	3308	wykształcenie	subst	393	363	0.0130730723521
3395	3310	nawzajem	qub	4079	3292	0.118558000504
3406	3321	zmysł	subst	2960	2387	0.0859653545576
3425	3339	post	subst	1082	646	0.0232650268304
3428	3342	stal	subst	995	770	0.0277307595347
3433	3347	koszulka	subst	3336	2142	0.0771419310693
3443	3356	kawiarnia	subst	1833	1163	0.0418842510894
3446	3359	zebranie	subst	1328	1031	0.0371304065978
3477	3390	cierpliwość	subst	2845	2286	0.082327943242
3482	3395	zegar	subst	2441	1554	0.0559657146973
3489	3402	banda	subst	3786	2694	0.097021644398
3492	3405	czytanie	subst	840	736	0.0265062844384
3497	3410	przyciągać	verb	1755	1402	0.0504915907372
3500	3413	śniadanie	subst	3917	2985	0.107501710664
3516	3429	korupcja	subst	687	485	0.0174667771095
3519	3432	piękno	subst	2598	1889	0.0680303957936
3523	3436	kąpiel	subst	2775	2013	0.0724961284979
3525	3438	zmniejszać	verb	615	520	0.0187272661793
3528	3441	gang	subst	4467	1777	0.0639968307703
3541	3453	kalendarz	subst	1264	875	0.031512226744
3547	3459	presja	subst	1778	1469	0.0529045269565
3552	3464	lokalizacja	subst	1238	961	0.0346094284582
3563	3475	gust	subst	2268	1886	0.0679223538733
3572	3484	era	subst	2384	1298	0.0467461375014
3573	3485	identyczny	adj	1401	1145	0.0412359995678
3592	3504	klinika	subst	2283	1233	0.0444052292289
3597	3509	pachnieć	verb	2644	2201	0.0792667555011
3598	3510	przebić	verb	3040	2400	0.0864335362121
3602	3514	talerz	subst	2172	1620	0.0583426369431
3610	3522	imperium	subst	2262	1153	0.0415241113552
3612	3524	plama	subst	1943	1427	0.0513919400727
3617	3529	echo	subst	1342	767	0.0276227176144
3619	3531	kondycja	subst	616	555	0.019987755249
3634	3546	moneta	subst	2665	1401	0.0504555767638
3648	3560	łączność	subst	1651	942	0.0339251629632
3652	3564	oszustwo	subst	2576	1774	0.0638887888501
3654	3566	kaseta	subst	3241	1471	0.0529765549033
3667	3579	udo	subst	2181	1508	0.0543090719199
3682	3594	odwrotnie	adv	950	863	0.0310800590629
3687	3599	gniazdo	subst	1610	980	0.0352936939533
3690	3602	ciąć	verb	2980	1982	0.0713796953218
3691	3603	as	subst	2940	1309	0.047142291209
3702	3614	przeznaczenie	subst	2861	1969	0.0709115136673
3704	3616	bałagan	subst	3585	2923	0.105268844312
3722	3634	czystość	subst	1094	855	0.0307919472755
3725	3637	śniadać	verb	3676	2881	0.103756257428
3726	3638	ciemno	adv	2910	2276	0.0819678035078
3727	3638	ciemno	subst	68	64	0.00230489429899
3737	3648	kompania	subst	2079	671	0.024165376166
3761	3672	poduszka	subst	2468	1785	0.0642849425577
3775	3685	żonaty	adj	3894	2654	0.0955810854612
3786	3696	przodek	subst	2196	1277	0.0459898440595
3789	3699	nakazywać	verb	875	754	0.02715453596
3792	3702	ratunek	subst	2583	1837	0.0661576691756
3795	3705	kuzyn	subst	4269	2362	0.085065005222
3805	3715	flota	subst	3704	1017	0.0366262109699
3815	3725	zazdrosny	adj	4744	3204	0.115388770843
3819	3729	gorączka	subst	2620	1670	0.0601433356142
3826	3736	wiecznie	adv	3035	2455	0.0884143047502
3842	3752	przydatny	adj	1252	1131	0.0407318039399
3859	3769	troszkę	qub	4069	2836	0.102135628624
3866	3776	uroczy	adj	4494	3331	0.119962545468
3871	3781	lina	subst	3777	1733	0.0624122159398
3879	3789	bagaż	subst	2928	1845	0.066445780963
3888	3798	łapa	subst	3210	2507	0.0902870313682
3892	3802	opona	subst	2406	1330	0.0478985846508
3893	3803	namiot	subst	1950	1078	0.0388230633486
3898	3808	pieprz	subst	4118	2273	0.0818597615875
3906	3816	widownia	subst	1294	893	0.0321604782656
3923	3833	gwałt	subst	1896	1015	0.036554183023
3925	3835	współczuć	verb	2836	2263	0.0814996218533
3928	3838	narta	subst	1004	600	0.021608384053
3929	3839	złożenie	subst	265	246	0.00885943746174
3931	3841	litr	subst	1020	714	0.0257139770231
3957	3866	wnuk	subst	1813	1196	0.0430727122123
3961	3870	płatność	subst	293	249	0.008967479382
3962	3871	gościć	verb	969	868	0.03126012893
3964	3873	zlecenie	subst	809	589	0.0212122303454
3968	3877	bestia	subst	4103	1925	0.0693268988367
3987	3896	kwatera	subst	2409	1441	0.0518961357007
3998	3907	wzajemnie	adv	1825	1569	0.0565059242986
4006	3915	powiązanie	subst	1471	1157	0.0416681672489
4010	3919	potrawa	subst	784	650	0.0234090827241
4012	3921	tanio	adv	935	830	0.02989159794
4027	3936	płyn	subst	2169	1496	0.0538769042388
4029	3938	piątka	subst	1949	1438	0.0517880937804
4041	3950	kręgosłup	subst	1348	999	0.0359779594483
4045	3954	dwieście	num	923	642	0.0231209709367
4051	3960	tron	subst	2116	941	0.0338891489898
4060	3969	zatoka	subst	1807	1122	0.0404076781791
4102	4011	uprzejmy	adj	2305	1860	0.0669859905643
4106	4015	teoretycznie	adv	944	807	0.0290632765513
4109	4018	podobieństwo	subst	1190	983	0.0354017358735
4131	4040	mienie	subst	211	190	0.00684265495012
4139	4048	zaangażowanie	subst	484	445	0.0160262181727
4145	4054	mile	adv	3126	2553	0.0919436741456
4151	4060	dusić	verb	2120	1705	0.061403824684
4162	4071	tlen	subst	2532	1299	0.0467821514748
4164	4073	okropnie	adv	3325	2706	0.0974538120791
4195	4104	strzała	subst	2033	1333	0.0480066265711
4217	4126	oprogramowanie	subst	351	253	0.00911153527569
4218	4127	odgłos	subst	1569	1169	0.04210033493
4222	4131	wdowa	subst	1697	1098	0.039543342817
4224	4133	ba	qub	1376	539	0.0194115316743
4245	4154	obrzydliwy	adj	3759	2852	0.102711852199
4246	4155	starość	subst	881	759	0.0273346058271
4269	4178	położenie	subst	1051	903	0.0325206179998
4270	4179	pułk	subst	803	310	0.0111643317607
4283	4192	bynajmniej	qub	342	299	0.0107681780531
4294	4203	osa	subst	977	472	0.016998595455
4303	4212	wart	subst	2342	1943	0.0699751503583
4319	4228	minus	subst	1462	999	0.0359779594483
4328	4237	zazdrość	subst	1485	1180	0.0424964886376
4338	4247	równać	verb	1553	1244	0.0448013829366
4346	4255	posada	subst	1840	1336	0.0481146684914
4362	4271	imponujący	adj	2161	1842	0.0663377390427
4369	4278	potwierdzenie	subst	868	766	0.027586703641
4370	4279	pot	subst	1128	910	0.0327727158137
4375	4284	witamina	subst	901	633	0.0227968451759
4382	4291	szafka	subst	2610	1775	0.0639248028235
4384	4293	widowisko	subst	571	480	0.0172867072424
4407	4316	zasilać	verb	1619	1045	0.0376346022257
4418	4327	zając	subst	512	379	0.0136492959268
4451	4360	technik	subst	1014	784	0.0282349551626
4466	4375	odkrycie	subst	1227	980	0.0352936939533
4470	4379	lew	subst	1645	824	0.0296755140995
4506	4415	niedawny	adj	281	260	0.00936363308964
4525	4434	twierdza	subst	742	457	0.0164583858537
4576	4485	lojalność	subst	1793	1356	0.0488349479598
4582	4491	niepokojący	adj	907	820	0.0295314582058
4614	4523	wrota	subst	3020	790	0.0284510390031
4619	4528	zaległość	subst	431	392	0.0141174775813
4648	4557	szatan	subst	2212	1059	0.0381387978536
4651	4560	naprzeciwko	qub	494	446	0.0160622321461
4652	4560	naprzeciwko	subst	745	629	0.0226527892822
4674	4582	zrobienie	subst	2485	2204	0.0793747974214
4680	4588	szczęśliwie	adv	1371	1167	0.0420283069831
4681	4589	zabraniać	verb	1221	1057	0.0380667699067
4717	4625	polowanie	subst	1638	1158	0.0417041812223
4723	4631	siedzenie	subst	1904	1582	0.0569741059531
4735	4643	pochodzenie	subst	584	517	0.018619224259
4742	4650	formalnie	adv	419	369	0.0132891561926
4768	4676	łatwość	subst	760	684	0.0246335578204
4778	4686	aut	subst	1465	1024	0.0368783087838
4816	4724	golf	subst	2102	1202	0.0432887960529
4819	4727	tort	subst	2485	1266	0.0455936903519
4830	4738	kręg	subst	672	481	0.0173227212158
4859	4767	robot	subst	2832	1041	0.037490546332
4863	4771	zazdrościć	verb	1530	1316	0.0473943890229
4866	4774	cyrk	subst	2236	1323	0.0476464868369
4910	4817	kwadrans	subst	479	431	0.0155220225447
4941	4848	lis	subst	4876	1463	0.0526884431159
4946	4853	bój	subst	1539	1143	0.041163971621
4952	4859	błogosławieństwo	subst	1692	1267	0.0456297043253
4970	4877	oddanie	subst	811	733	0.0263982425181
5020	4926	cięcie	subst	1394	1013	0.0364821550762
5028	4934	wielce	adv	709	600	0.021608384053
5057	4963	pozornie	adv	221	211	0.00759894839198
5059	4965	posiadłość	subst	2204	1368	0.0492671156409
5069	4975	jedenaście	num	801	627	0.0225807613354
5095	5001	niezwłocznie	adv	495	429	0.0154499945979
5155	5061	trupa	subst	1910	1539	0.055425505096
5178	5084	celowo	adv	1581	1358	0.0489069759067
5300	5206	trzysta	num	557	424	0.0152699247308
5310	5216	sześćdziesiąt	num	449	357	0.0128569885115
5363	5269	negatywnie	adv	287	259	0.00932761911622
5364	5270	dotyk	subst	1168	961	0.0346094284582
5418	5323	znad	prep	338	291	0.0104800662657
5449	5354	wyrażenie	subst	410	382	0.0137573378471
5532	5437	porządnie	adv	1387	1231	0.0443332012821
5541	5446	li	qub	2191	391	0.0140814636079
5570	5475	przeczucie	subst	2274	1907	0.0686786473152
5609	5514	wpół	qub	627	548	0.0197356574351
5792	5696	cech	subst	164	158	0.00569020780063
5848	5752	twardo	adv	590	500	0.0180069867108
5891	5795	danie	subst	785	701	0.0252457953686
5895	5799	ręcznie	adv	932	782	0.0281629272158
5937	5841	róż	subst	1119	828	0.0298195699932
5947	5851	odbicie	subst	718	612	0.0220405517341
6002	5906	grzecznie	adv	880	793	0.0285590809234
6008	5912	oglądanie	subst	937	863	0.0310800590629
6030	5934	panowanie	subst	595	553	0.0199157273022
6032	5936	mówienie	subst	910	840	0.0302517376742
6034	5938	tłumaczenie	subst	7879	6316	0.227464256131
6050	5954	frank	subst	13251	2510	0.0903950732884
6121	6025	prywatnie	adv	440	401	0.0144416033421
6183	6086	nonsens	subst	1770	1414	0.0509237584183
6238	6141	strzęp	subst	1003	904	0.0325566319732
6485	6387	mądrze	adv	961	869	0.0312961429034
6545	6447	nastawienie	subst	619	568	0.0204559369035
6585	6487	mat	subst	1331	972	0.0350055821659
6594	6496	emocjonalnie	adv	876	785	0.028270969136
6853	6754	gadanie	subst	1356	1259	0.0453415925379
6881	6782	działo	subst	620	464	0.0167104836677
6939	6840	karate	subst	855	416	0.0149818129434
7076	6977	pusto	adv	597	515	0.0185471963122
7140	7041	słodko	adv	1358	1108	0.0399034825512
7198	7099	imponować	verb	349	329	0.0118485972557
7226	7126	blond	adj	881	725	0.0261101307307
7227	7126	blond	subst	6	6	0.00021608384053
7297	7196	tymczasowo	adv	544	490	0.0176468469766
7305	7204	okazały	adj	122	114	0.00410559297007
7341	7240	ciekawić	verb	862	777	0.0279828573487
7391	7290	cha	qub	595	209	0.00752692044513
7591	7489	gram	subst	593	420	0.0151258688371
7609	7507	pokrywa	subst	357	261	0.00939964706306
7730	7627	połów	subst	361	287	0.010336010372
8068	7963	świta	subst	522	461	0.0166024417474
8306	8201	rynka	subst	51	50	0.00180069867108
8311	8206	przodem	qub	831	762	0.0274426477473
8321	8216	żyto	subst	111	99	0.00356538336875
8425	8319	bogacić	verb	563	492	0.0177188749235
8509	8402	dola	subst	525	384	0.0138293657939
8808	8701	stroić	verb	609	553	0.0199157273022
10096	9984	siad	subst	615	406	0.0146216732092
