freedict_sense_id	freedict_entry_id	sense_index
1	1	1
2	2	1
3	2	2
4	2	3
5	3	1
6	3	2
7	4	1
8	4	2
9	4	3
10	4	4
11	5	1
12	5	2
13	5	3
14	6	1
15	7	1
16	8	1
17	8	2
18	9	1
19	10	1
20	10	2
21	10	3
22	11	1
23	11	2
24	11	3
25	12	1
26	13	1
27	13	2
28	13	3
29	13	4
30	14	1
31	14	2
32	15	1
33	16	1
34	16	2
35	16	3
36	16	4
37	16	5
38	16	6
39	17	1
40	18	1
41	18	2
42	19	1
43	20	1
44	21	1
45	22	1
46	22	2
47	22	3
48	22	4
49	23	1
50	23	2
51	23	3
52	24	1
53	24	2
54	24	3
55	25	1
56	26	1
57	27	1
58	27	2
59	27	3
60	28	1
61	28	2
62	29	1
63	30	1
64	31	1
65	32	1
66	32	2
67	33	1
68	34	1
69	34	2
70	34	3
71	35	1
72	35	2
73	35	3
74	35	4
75	35	5
76	35	6
77	35	7
78	36	1
79	36	2
80	36	3
81	36	4
82	36	5
83	36	6
84	36	7
85	37	1
86	37	2
87	37	3
88	37	4
89	37	5
90	37	6
91	38	1
92	38	2
93	38	3
94	39	1
95	40	1
96	41	1
97	41	2
98	42	1
99	43	1
100	44	1
101	44	2
102	45	1
103	45	2
104	45	3
105	45	4
106	45	5
107	45	6
108	46	1
109	46	2
110	47	1
111	48	1
112	48	2
113	48	3
114	49	1
115	49	2
116	50	1
117	51	1
118	51	2
119	51	3
120	51	4
121	52	1
122	53	1
123	53	2
124	54	1
125	55	1
126	56	1
127	57	1
128	58	1
129	58	2
130	58	3
131	59	1
132	59	2
133	59	3
134	60	1
135	60	2
136	61	1
137	62	1
138	63	1
139	64	1
140	64	2
141	64	3
142	65	1
143	65	2
144	66	1
145	67	1
146	68	1
147	69	1
148	70	1
149	71	1
150	71	2
151	71	3
152	71	4
153	72	1
154	72	2
155	72	3
156	72	4
157	73	1
158	74	1
159	74	2
160	74	3
161	75	1
162	76	1
163	76	2
164	77	1
165	78	1
166	79	1
167	80	1
168	80	2
169	81	1
170	82	1
171	83	1
172	83	2
173	83	3
174	84	1
175	85	1
176	86	1
177	87	1
178	88	1
179	88	2
180	89	1
181	89	2
182	90	1
183	90	2
184	90	3
185	90	4
186	90	5
187	91	1
188	92	1
189	93	1
190	94	1
191	95	1
192	96	1
193	96	2
194	97	1
195	98	1
196	99	1
197	100	1
198	101	1
199	101	2
200	101	3
201	102	1
202	102	2
203	103	1
204	104	1
205	105	1
206	106	1
207	107	1
208	108	1
209	109	1
210	109	2
211	110	1
212	111	1
213	112	1
214	112	2
215	113	1
216	113	2
217	113	3
218	114	1
219	115	1
220	115	2
221	116	1
222	117	1
223	118	1
224	119	1
225	119	2
226	119	3
227	120	1
228	121	1
229	122	1
230	123	1
231	123	2
232	123	3
233	124	1
234	125	1
235	125	2
236	126	1
237	126	2
238	127	1
239	128	1
240	129	1
241	130	1
242	131	1
243	132	1
244	133	1
245	134	1
246	134	2
247	134	3
248	135	1
249	136	1
250	136	2
251	136	3
252	136	4
253	137	1
254	137	2
255	137	3
256	137	4
257	138	1
258	139	1
259	140	1
260	141	1
261	141	2
262	141	3
263	142	1
264	142	2
265	142	3
266	143	1
267	143	2
268	144	1
269	145	1
270	146	1
271	147	1
272	147	2
273	148	1
274	148	2
275	149	1
276	150	1
277	150	2
278	150	3
279	151	1
280	151	2
281	151	3
282	151	4
283	151	5
284	151	6
285	152	1
286	152	2
287	153	1
288	154	1
289	155	1
290	155	2
291	155	3
292	156	1
293	156	2
294	156	3
295	156	4
296	156	5
297	157	1
298	157	2
299	158	1
300	158	2
301	158	3
302	159	1
303	160	1
304	160	2
305	160	3
306	161	1
307	162	1
308	162	2
309	163	1
310	163	2
311	163	3
312	164	1
313	165	1
314	166	1
315	167	1
316	167	2
317	168	1
318	169	1
319	170	1
320	171	1
321	171	2
322	172	1
323	173	1
324	174	1
325	174	2
326	175	1
327	176	1
328	177	1
329	177	2
330	177	3
331	177	4
332	177	5
333	178	1
334	179	1
335	179	2
336	180	1
337	181	1
338	182	1
339	182	2
340	182	3
341	182	4
342	183	1
345	185	1
346	186	1
347	186	2
348	187	1
349	188	1
350	188	2
351	188	3
352	188	4
353	189	1
354	190	1
355	191	1
356	191	2
357	192	1
358	192	2
359	193	1
360	194	1
361	195	1
362	195	2
363	196	1
364	196	2
365	196	3
366	197	1
367	198	1
368	199	1
369	199	2
370	200	1
371	200	2
372	201	1
373	202	1
374	203	1
375	204	1
376	205	1
377	206	1
378	207	1
379	207	2
380	207	3
381	207	4
382	207	5
383	208	1
384	208	2
385	209	1
386	209	2
387	210	1
388	211	1
389	211	2
390	211	3
391	212	1
392	212	2
393	212	3
394	213	1
395	213	2
396	213	3
397	213	4
398	214	1
399	215	1
400	215	2
401	216	1
402	217	1
403	218	1
404	219	1
405	219	2
406	219	3
407	220	1
408	220	2
409	220	3
410	220	4
411	220	5
412	221	1
413	221	2
414	221	3
415	222	1
416	223	1
417	224	1
418	224	2
419	225	1
420	225	2
421	226	1
422	226	2
423	227	1
424	227	2
425	228	1
426	229	1
427	229	2
428	230	1
429	230	2
430	231	1
431	231	2
432	232	1
433	233	1
434	234	1
435	235	1
436	236	1
437	236	2
438	236	3
439	237	1
440	238	1
441	238	2
443	240	1
444	241	1
445	242	1
446	243	1
447	243	2
448	243	3
449	243	4
450	244	1
451	244	2
452	244	3
456	246	1
457	246	2
458	246	3
459	247	1
460	247	2
461	248	1
462	249	1
463	249	2
464	250	1
465	251	1
466	251	2
467	252	1
468	252	2
469	252	3
470	252	4
471	253	1
472	254	1
473	255	1
474	255	2
475	256	1
476	257	1
477	258	1
478	258	2
479	258	3
480	259	1
481	260	1
482	261	1
483	262	1
484	262	2
485	262	3
486	263	1
487	263	2
488	263	3
489	264	1
490	265	1
491	266	1
492	267	1
493	267	2
494	267	3
495	267	4
496	267	5
497	268	1
498	268	2
499	269	1
500	270	1
501	271	1
502	272	1
503	273	1
504	274	1
505	275	1
506	275	2
507	275	3
508	276	1
509	277	1
510	277	2
511	278	1
512	278	2
513	279	1
514	279	2
515	280	1
516	281	1
517	282	1
518	283	1
519	284	1
520	285	1
521	286	1
522	287	1
523	287	2
524	287	3
525	287	4
526	287	5
527	288	1
528	289	1
529	289	2
530	290	1
531	290	2
537	293	1
538	293	2
539	294	1
540	295	1
541	295	2
542	296	1
543	297	1
544	297	2
545	297	3
546	298	1
547	298	2
548	299	1
549	299	2
550	300	1
551	300	2
552	301	1
553	301	2
554	301	3
555	302	1
556	303	1
557	303	2
558	303	3
559	304	1
560	305	1
561	306	1
562	307	1
563	307	2
564	307	3
565	307	4
566	308	1
567	308	2
568	308	3
569	309	1
570	309	2
571	309	3
572	309	4
575	311	1
576	312	1
577	312	2
578	313	1
579	313	2
580	314	1
581	315	1
582	316	1
583	316	2
584	317	1
585	317	2
586	318	1
587	319	1
588	320	1
589	321	1
590	322	1
591	323	1
592	324	1
593	325	1
594	326	1
595	326	2
596	327	1
597	327	2
598	328	1
599	329	1
600	330	1
601	330	2
602	331	1
603	331	2
604	331	3
605	332	1
606	333	1
607	333	2
608	333	3
609	334	1
610	335	1
611	335	2
612	336	1
613	337	1
614	337	2
615	338	1
617	340	1
619	342	1
620	342	2
621	343	1
622	344	1
625	346	1
626	347	1
627	347	2
628	347	3
629	348	1
630	349	1
631	349	2
632	350	1
633	351	1
634	352	1
635	353	1
636	354	1
637	355	1
638	355	2
639	356	1
640	357	1
641	357	2
642	358	1
643	358	2
644	359	1
645	360	1
646	361	1
647	362	1
648	362	2
649	362	3
650	362	4
651	363	1
652	363	2
653	363	3
654	364	1
655	364	2
656	365	1
657	366	1
658	366	2
659	366	3
660	366	4
661	367	1
662	367	2
663	368	1
668	370	1
669	371	1
670	372	1
671	373	1
672	374	1
673	375	1
674	375	2
675	375	3
676	376	1
677	377	1
678	378	1
679	379	1
680	380	1
681	381	1
682	382	1
683	382	2
684	383	1
685	384	1
686	385	1
687	385	2
688	386	1
689	387	1
690	388	1
691	388	2
693	390	1
694	391	1
695	391	2
696	392	1
697	393	1
698	393	2
699	394	1
700	395	1
701	396	1
702	396	2
703	396	3
704	396	4
705	396	5
706	396	6
707	397	1
708	397	2
709	398	1
710	398	2
713	401	1
715	403	1
716	403	2
717	403	3
718	403	4
719	404	1
720	404	2
721	405	1
722	405	2
723	406	1
724	407	1
725	407	2
727	409	1
728	409	2
729	410	1
730	410	2
731	411	1
732	412	1
733	412	2
735	414	1
736	415	1
737	415	2
738	415	3
739	416	1
740	417	1
741	417	2
742	418	1
743	419	1
744	419	2
745	419	3
746	420	1
747	421	1
748	421	2
749	422	1
750	422	2
751	423	1
752	423	2
753	424	1
754	424	2
755	424	3
757	426	1
758	427	1
759	428	1
760	428	2
761	429	1
762	429	2
763	430	1
765	432	1
766	432	2
767	433	1
768	434	1
769	434	2
770	435	1
771	435	2
772	436	1
773	437	1
774	437	2
775	438	1
776	439	1
777	440	1
778	441	1
779	441	2
780	441	3
781	441	4
782	441	5
783	441	6
784	442	1
785	443	1
786	443	2
787	443	3
788	443	4
789	444	1
791	446	1
792	446	2
793	446	3
794	447	1
795	447	2
796	447	3
797	448	1
798	448	2
799	449	1
800	450	1
801	450	2
802	450	3
803	451	1
804	451	2
805	452	1
806	453	1
807	454	1
809	456	1
810	456	2
811	457	1
812	458	1
813	458	2
814	458	3
815	459	1
817	461	1
819	463	1
820	464	1
821	464	2
822	464	3
823	464	4
824	464	5
825	464	6
826	464	7
827	465	1
829	467	1
830	468	1
831	469	1
832	470	1
833	470	2
834	471	1
835	471	2
836	471	3
837	471	4
838	472	1
839	473	1
840	473	2
841	474	1
842	475	1
843	476	1
844	477	1
847	480	1
848	480	2
849	480	3
850	480	4
851	481	1
852	481	2
853	482	1
854	482	2
855	483	1
856	483	2
857	483	3
860	485	1
861	485	2
863	487	1
864	487	2
865	487	3
866	488	1
867	488	2
868	488	3
869	489	1
870	490	1
871	490	2
872	490	3
873	491	1
874	492	1
875	493	1
876	494	1
877	495	1
878	496	1
879	497	1
880	498	1
881	498	2
882	498	3
883	499	1
884	500	1
885	501	1
886	501	2
889	504	1
890	505	1
891	505	2
892	505	3
893	506	1
894	506	2
895	507	1
896	507	2
897	508	1
898	509	1
899	510	1
900	510	2
901	510	3
902	510	4
903	511	1
904	511	2
905	511	3
906	512	1
909	514	1
910	514	2
913	516	1
914	517	1
915	517	2
916	517	3
919	519	1
920	520	1
921	521	1
922	521	2
929	526	1
930	527	1
931	527	2
932	528	1
933	529	1
934	530	1
935	531	1
936	531	2
937	531	3
938	531	4
939	532	1
940	533	1
941	534	1
942	535	1
943	535	2
944	535	3
945	535	4
946	535	5
947	536	1
954	538	1
955	539	1
956	539	2
957	539	3
958	539	4
959	540	1
960	541	1
961	542	1
962	542	2
963	543	1
964	544	1
965	545	1
966	545	2
967	545	3
968	546	1
969	547	1
970	547	2
971	547	3
972	548	1
973	549	1
975	551	1
976	552	1
978	554	1
979	554	2
983	557	1
984	557	2
985	557	3
986	558	1
987	559	1
988	559	2
989	560	1
990	560	2
991	560	3
993	562	1
994	562	2
995	562	3
996	562	4
998	564	1
999	565	1
1000	566	1
1001	566	2
1002	566	3
1003	567	1
1004	568	1
1005	568	2
1006	569	1
1008	571	1
1009	572	1
1010	572	2
1011	572	3
1012	573	1
1013	574	1
1014	575	1
1015	575	2
1016	576	1
1017	576	2
1018	577	1
1019	578	1
1020	579	1
1021	580	1
1022	581	1
1023	581	2
1024	581	3
1025	582	1
1026	582	2
1027	583	1
1028	583	2
1029	584	1
1030	584	2
1031	584	3
1032	585	1
1033	585	2
1034	586	1
1035	586	2
1036	586	3
1037	587	1
1038	587	2
1042	590	1
1043	591	1
1044	592	1
1045	592	2
1046	592	3
1047	593	1
1048	593	2
1049	593	3
1050	594	1
1051	594	2
1052	595	1
1056	598	1
1057	599	1
1058	600	1
1059	601	1
1060	601	2
1061	601	3
1062	601	4
1063	601	5
1064	601	6
1065	601	7
1066	601	8
1067	601	9
1068	601	10
1069	602	1
1070	603	1
1071	604	1
1072	605	1
1073	605	2
1074	606	1
1075	607	1
1076	608	1
1077	609	1
1078	609	2
1079	610	1
1080	610	2
1081	611	1
1082	611	2
1083	611	3
1084	612	1
1085	612	2
1092	614	1
1093	615	1
1094	616	1
1095	617	1
1096	618	1
1097	619	1
1098	620	1
1100	622	1
1101	623	1
1102	624	1
1103	624	2
1105	626	1
1106	627	1
1107	628	1
1108	629	1
1109	630	1
1111	632	1
1114	634	1
1115	634	2
1116	635	1
1118	637	1
1119	638	1
1120	639	1
1121	640	1
1122	640	2
1123	641	1
1124	642	1
1125	642	2
1129	646	1
1134	651	1
1135	651	2
1136	652	1
1137	652	2
1138	652	3
1139	652	4
1140	652	5
1141	652	6
1142	653	1
1143	653	2
1144	654	1
1145	654	2
1146	654	3
1147	655	1
1148	656	1
1149	656	2
1150	657	1
1151	657	2
1152	658	1
1154	660	1
1155	661	1
1156	661	2
1157	662	1
1158	663	1
1159	663	2
1160	664	1
1161	665	1
1162	665	2
1163	666	1
1164	666	2
1165	667	1
1166	667	2
1167	668	1
1171	670	1
1173	672	1
1174	672	2
1175	673	1
1176	674	1
1177	675	1
1178	676	1
1179	677	1
1180	677	2
1181	678	1
1182	679	1
1183	679	2
1184	680	1
1185	681	1
1186	682	1
1187	682	2
1188	683	1
1189	683	2
1190	684	1
1191	684	2
1192	684	3
1193	684	4
1197	687	1
1198	687	2
1199	688	1
1201	690	1
1202	691	1
1203	692	1
1204	692	2
1205	692	3
1210	695	1
1211	696	1
1212	696	2
1213	697	1
1214	697	2
1215	697	3
1216	698	1
1217	699	1
1218	700	1
1219	701	1
1220	701	2
1221	702	1
1222	703	1
1224	705	1
1225	705	2
1226	706	1
1227	707	1
1228	708	1
1229	709	1
1230	710	1
1231	710	2
1232	710	3
1233	710	4
1234	710	5
1235	710	6
1236	710	7
1237	710	8
1239	712	1
1240	713	1
1242	715	1
1243	715	2
1244	716	1
1245	717	1
1246	718	1
1247	719	1
1248	719	2
1249	719	3
1250	719	4
1251	719	5
1252	719	6
1253	720	1
1254	721	1
1255	721	2
1256	722	1
1257	722	2
1262	726	1
1263	726	2
1264	726	3
1265	727	1
1266	728	1
1267	729	1
1268	729	2
1269	730	1
1274	734	1
1275	734	2
1276	734	3
1277	734	4
1278	735	1
1279	735	2
1280	735	3
1281	736	1
1282	737	1
1284	739	1
1285	739	2
1287	741	1
1289	743	1
1290	744	1
1291	745	1
1293	747	1
1294	747	2
1295	747	3
1296	747	4
1297	748	1
1298	749	1
1300	751	1
1301	751	2
1302	752	1
1303	753	1
1304	753	2
1305	754	1
1306	755	1
1307	756	1
1308	756	2
1309	757	1
1310	758	1
1311	758	2
1312	759	1
1313	759	2
1315	761	1
1316	761	2
1317	761	3
1318	762	1
1319	763	1
1320	763	2
1321	763	3
1322	763	4
1323	764	1
1325	766	1
1326	766	2
1327	767	1
1328	768	1
1329	768	2
1330	768	3
1332	770	1
1333	770	2
1339	773	1
1340	774	1
1341	774	2
1342	774	3
1344	776	1
1345	776	2
1346	776	3
1347	777	1
1348	778	1
1349	779	1
1350	779	2
1351	780	1
1352	781	1
1353	782	1
1354	782	2
1355	783	1
1356	783	2
1357	783	3
1358	784	1
1359	785	1
1361	787	1
1362	788	1
1363	789	1
1364	789	2
1365	790	1
1367	792	1
1368	792	2
1369	792	3
1376	796	1
1377	796	2
1378	797	1
1379	798	1
1380	799	1
1381	800	1
1382	800	2
1385	802	1
1386	802	2
1387	802	3
1392	804	1
1393	804	2
1394	804	3
1395	804	4
1396	805	1
1397	805	2
1398	806	1
1399	806	2
1400	806	3
1401	806	4
1402	807	1
1403	807	2
1404	808	1
1405	808	2
1406	809	1
1407	809	2
1408	809	3
1409	810	1
1410	810	2
1411	810	3
1412	811	1
1413	812	1
1415	814	1
1416	814	2
1417	814	3
1418	815	1
1419	815	2
1420	816	1
1421	816	2
1422	817	1
1424	819	1
1425	820	1
1426	821	1
1427	822	1
1428	822	2
1429	823	1
1430	824	1
1431	824	2
1434	826	1
1437	829	1
1438	829	2
1439	829	3
1440	829	4
1446	832	1
1447	833	1
1448	834	1
1449	834	2
1450	834	3
1451	834	4
1452	835	1
1453	835	2
1454	835	3
1455	835	4
1456	836	1
1457	836	2
1458	836	3
1459	836	4
1460	837	1
1461	837	2
1466	840	1
1467	841	1
1468	841	2
1469	841	3
1470	842	1
1471	843	1
1472	844	1
1473	844	2
1474	844	3
1475	844	4
1476	844	5
1477	845	1
1479	847	1
1480	848	1
1483	850	1
1484	851	1
1485	851	2
1486	852	1
1487	853	1
1488	853	2
1489	854	1
1490	855	1
1491	855	2
1492	855	3
1493	856	1
1494	857	1
1495	858	1
1500	861	1
1505	863	1
1510	865	1
1511	865	2
1512	866	1
1513	866	2
1514	867	1
1515	867	2
1516	867	3
1517	868	1
1518	869	1
1519	870	1
1520	871	1
1521	872	1
1522	872	2
1523	873	1
1524	873	2
1525	874	1
1526	874	2
1527	875	1
1528	875	2
1529	876	1
1530	876	2
1531	877	1
1532	878	1
1533	878	2
1534	879	1
1535	880	1
1536	881	1
1537	881	2
1541	883	1
1542	883	2
1543	883	3
1544	884	1
1545	885	1
1546	885	2
1547	885	3
1548	886	1
1549	886	2
1550	887	1
1557	890	1
1558	891	1
1559	891	2
1560	892	1
1563	894	1
1565	896	1
1566	897	1
1567	897	2
1568	898	1
1571	901	1
1572	902	1
1573	903	1
1575	905	1
1576	906	1
1577	907	1
1578	907	2
1579	908	1
1580	908	2
1581	908	3
1582	908	4
1588	910	1
1589	911	1
1590	911	2
1591	911	3
1592	911	4
1593	911	5
1594	911	6
1597	913	1
1598	914	1
1599	914	2
1600	915	1
1601	915	2
1602	915	3
1603	915	4
1604	916	1
1608	920	1
1621	924	1
1622	924	2
1623	924	3
1624	925	1
1626	927	1
1627	927	2
1628	928	1
1629	929	1
1630	930	1
1631	931	1
1634	933	1
1635	933	2
1636	934	1
1637	935	1
1638	936	1
1639	936	2
1641	938	1
1642	939	1
1643	939	2
1644	939	3
1645	939	4
1646	940	1
1647	941	1
1648	942	1
1649	942	2
1650	943	1
1652	945	1
1653	945	2
1654	946	1
1655	946	2
1657	948	1
1658	948	2
1661	951	1
1662	952	1
1664	954	1
1665	955	1
1666	956	1
1667	956	2
1668	957	1
1669	958	1
1671	960	1
1672	960	2
1673	961	1
1674	962	1
1675	963	1
1676	963	2
1677	963	3
1678	964	1
1680	966	1
1681	966	2
1684	968	1
1685	968	2
1686	969	1
1687	970	1
1688	970	2
1689	971	1
1690	971	2
1691	971	3
1692	971	4
1693	972	1
1694	973	1
1695	974	1
1696	974	2
1697	974	3
1699	976	1
1700	977	1
1701	978	1
1702	978	2
1703	979	1
1704	980	1
1705	981	1
1706	981	2
1707	982	1
1708	982	2
1709	983	1
1710	984	1
1711	985	1
1712	985	2
1713	985	3
1714	986	1
1715	987	1
1716	988	1
1717	989	1
1718	990	1
1719	991	1
1720	991	2
1721	991	3
1722	991	4
1723	991	5
1724	992	1
1725	992	2
1726	993	1
1727	994	1
1728	994	2
1729	994	3
1730	994	4
1731	994	5
1732	995	1
1733	995	2
1735	997	1
1736	997	2
1737	998	1
1738	999	1
1739	999	2
1740	999	3
1747	1003	1
1748	1004	1
1752	1006	1
1753	1007	1
1754	1007	2
1755	1007	3
1756	1007	4
1757	1007	5
1758	1008	1
1759	1008	2
1760	1008	3
1761	1009	1
1762	1009	2
1763	1010	1
1764	1010	2
1765	1010	3
1766	1011	1
1768	1013	1
1769	1014	1
1774	1017	1
1775	1017	2
1776	1018	1
1777	1019	1
1778	1019	2
1782	1023	1
1784	1025	1
1786	1027	1
1787	1027	2
1788	1028	1
1789	1029	1
1790	1030	1
1791	1031	1
1792	1031	2
1795	1033	1
1797	1035	1
1798	1035	2
1799	1036	1
1800	1037	1
1804	1039	1
1805	1040	1
1806	1041	1
1807	1042	1
1808	1042	2
1809	1042	3
1810	1042	4
1811	1042	5
1812	1042	6
1813	1042	7
1814	1042	8
1815	1043	1
1816	1043	2
1818	1045	1
1830	1054	1
1831	1055	1
1832	1055	2
1836	1058	1
1837	1059	1
1838	1059	2
1839	1059	3
1840	1059	4
1841	1060	1
1842	1060	2
1843	1060	3
1844	1060	4
1845	1060	5
1847	1062	1
1850	1064	1
1853	1067	1
1854	1067	2
1855	1068	1
1857	1070	1
1858	1070	2
1859	1071	1
1860	1072	1
1861	1072	2
1862	1073	1
1865	1075	1
1867	1077	1
1868	1078	1
1869	1079	1
1870	1079	2
1871	1079	3
1872	1079	4
1873	1079	5
1874	1079	6
1875	1079	7
1876	1080	1
1877	1080	2
1881	1082	1
1885	1085	1
1891	1088	1
1892	1089	1
1893	1090	1
1894	1090	2
1895	1091	1
1896	1092	1
1897	1093	1
1898	1094	1
1899	1094	2
1906	1098	1
1907	1098	2
1908	1098	3
1909	1098	4
1910	1098	5
1913	1100	1
1917	1103	1
1918	1103	2
1923	1107	1
1924	1107	2
1925	1107	3
1926	1107	4
1927	1107	5
1928	1107	6
1929	1107	7
1930	1107	8
1931	1108	1
1932	1109	1
1933	1110	1
1934	1110	2
1938	1114	1
1941	1116	1
1942	1116	2
1944	1118	1
1945	1118	2
1946	1118	3
1947	1118	4
1949	1120	1
1950	1120	2
1951	1121	1
1952	1121	2
1953	1121	3
1954	1122	1
1957	1125	1
1958	1125	2
1959	1126	1
1960	1127	1
1961	1128	1
1963	1130	1
1964	1131	1
1967	1133	1
1968	1134	1
1969	1135	1
1970	1136	1
1971	1136	2
1972	1137	1
1973	1137	2
1977	1141	1
1978	1142	1
1979	1143	1
1980	1144	1
1982	1146	1
1983	1147	1
1984	1147	2
1985	1147	3
1986	1148	1
1987	1149	1
1988	1149	2
1989	1149	3
1998	1154	1
1999	1154	2
2001	1156	1
2002	1156	2
2003	1157	1
2004	1157	2
2005	1157	3
2006	1158	1
2007	1158	2
2008	1159	1
2013	1162	1
2014	1163	1
2017	1166	1
2018	1166	2
2019	1166	3
2021	1168	1
2022	1169	1
2023	1170	1
2024	1171	1
2025	1172	1
2026	1172	2
2027	1173	1
2032	1176	1
2033	1177	1
2035	1179	1
2036	1180	1
2037	1180	2
2038	1180	3
2039	1181	1
2040	1182	1
2041	1182	2
2042	1182	3
2043	1182	4
2047	1185	1
2048	1185	2
2049	1186	1
2056	1190	1
2058	1192	1
2060	1194	1
2061	1194	2
2062	1195	1
2063	1196	1
2064	1196	2
2065	1197	1
2066	1197	2
2070	1200	1
2071	1200	2
2072	1200	3
2076	1203	1
2077	1204	1
2078	1204	2
2079	1204	3
2080	1204	4
2082	1206	1
2083	1206	2
2086	1208	1
2087	1208	2
2091	1210	1
2092	1211	1
2094	1213	1
2096	1215	1
2097	1216	1
2098	1216	2
2099	1216	3
2100	1216	4
2101	1216	5
2105	1220	1
2106	1221	1
2107	1221	2
2109	1223	1
2111	1225	1
2112	1225	2
2113	1226	1
2114	1226	2
2121	1230	1
2122	1231	1
2123	1232	1
2124	1232	2
2128	1234	1
2139	1239	1
2140	1240	1
2141	1240	2
2142	1241	1
2143	1242	1
2144	1242	2
2147	1244	1
2148	1245	1
2150	1247	1
2151	1247	2
2152	1247	3
2153	1248	1
2156	1250	1
2157	1251	1
2158	1252	1
2159	1252	2
2161	1254	1
2162	1254	2
2164	1256	1
2168	1258	1
2169	1258	2
2170	1258	3
2171	1258	4
2172	1258	5
2173	1258	6
2174	1258	7
2175	1258	8
2176	1258	9
2177	1259	1
2178	1259	2
2179	1260	1
2189	1264	1
2192	1266	1
2193	1267	1
2194	1267	2
2195	1267	3
2196	1267	4
2197	1267	5
2199	1269	1
2201	1271	1
2205	1274	1
2206	1274	2
2207	1274	3
2208	1275	1
2209	1275	2
2210	1276	1
2213	1279	1
2214	1279	2
2215	1279	3
2216	1279	4
2220	1282	1
2221	1282	2
2222	1282	3
2223	1283	1
2224	1283	2
2225	1284	1
2226	1285	1
2227	1286	1
2228	1287	1
2230	1289	1
2231	1290	1
2232	1290	2
2236	1292	1
2237	1292	2
2240	1294	1
2241	1295	1
2245	1297	1
2258	1304	1
2259	1305	1
2260	1305	2
2261	1305	3
2263	1307	1
2264	1307	2
2268	1311	1
2270	1313	1
2272	1315	1
2273	1316	1
2274	1316	2
2281	1318	1
2284	1321	1
2285	1321	2
2286	1322	1
2288	1324	1
2289	1324	2
2292	1326	1
2293	1326	2
2294	1327	1
2295	1328	1
2296	1328	2
2297	1328	3
2299	1330	1
2300	1330	2
2302	1332	1
2303	1332	2
2305	1334	1
2306	1335	1
2307	1336	1
2308	1337	1
2309	1337	2
2310	1337	3
2314	1340	1
2315	1341	1
2316	1341	2
2317	1341	3
2318	1341	4
2323	1346	1
2324	1347	1
2325	1347	2
2327	1349	1
2328	1349	2
2330	1351	1
2332	1353	1
2336	1356	1
2337	1357	1
2338	1357	2
2339	1358	1
2340	1359	1
2341	1360	1
2343	1362	1
2344	1363	1
2345	1363	2
2346	1363	3
2350	1366	1
2353	1368	1
2356	1371	1
2358	1373	1
2360	1375	1
2361	1375	2
2362	1375	3
2363	1375	4
2368	1378	1
2369	1379	1
2370	1380	1
2371	1381	1
2372	1381	2
2373	1382	1
2374	1383	1
2375	1383	2
2376	1383	3
2379	1385	1
2386	1391	1
2387	1392	1
2388	1393	1
2389	1394	1
2392	1396	1
2393	1397	1
2394	1397	2
2395	1398	1
2396	1398	2
2397	1399	1
2398	1399	2
2399	1399	3
2400	1399	4
2401	1399	5
2402	1400	1
2403	1401	1
2404	1401	2
2410	1404	1
2411	1404	2
2412	1404	3
2413	1405	1
2414	1405	2
2415	1405	3
2416	1405	4
2417	1406	1
2418	1407	1
2423	1412	1
2428	1417	1
2433	1421	1
2434	1421	2
2438	1423	1
2446	1429	1
2447	1429	2
2448	1429	3
2449	1429	4
2451	1431	1
2454	1433	1
2455	1434	1
2456	1435	1
2457	1436	1
2468	1440	1
2469	1440	2
2470	1440	3
2471	1440	4
2472	1441	1
2475	1443	1
2476	1444	1
2477	1445	1
2478	1445	2
2479	1445	3
2483	1448	1
2484	1449	1
2488	1451	1
2489	1451	2
2490	1451	3
2491	1451	4
2492	1451	5
2493	1451	6
2494	1452	1
2495	1452	2
2496	1452	3
2497	1453	1
2498	1454	1
2504	1456	1
2505	1456	2
2506	1457	1
2509	1460	1
2511	1462	1
2512	1463	1
2514	1465	1
2515	1466	1
2516	1466	2
2519	1468	1
2520	1468	2
2521	1468	3
2523	1470	1
2525	1472	1
2526	1473	1
2527	1474	1
2528	1475	1
2529	1476	1
2530	1477	1
2531	1477	2
2532	1478	1
2533	1479	1
2537	1482	1
2538	1482	2
2539	1482	3
2540	1482	4
2541	1482	5
2543	1484	1
2544	1484	2
2545	1485	1
2546	1486	1
2549	1488	1
2551	1490	1
2553	1492	1
2554	1492	2
2561	1495	1
2562	1495	2
2570	1501	1
2576	1505	1
2577	1505	2
2578	1505	3
2579	1505	4
2580	1505	5
2581	1505	6
2582	1505	7
2585	1508	1
2587	1510	1
2590	1512	1
2591	1512	2
2592	1512	3
2593	1513	1
2594	1513	2
2595	1513	3
2606	1520	1
2607	1520	2
2608	1521	1
2609	1521	2
2614	1526	1
2617	1529	1
2618	1529	2
2620	1531	1
2622	1533	1
2627	1537	1
2628	1538	1
2629	1538	2
2633	1540	1
2640	1544	1
2641	1545	1
2642	1545	2
2647	1549	1
2648	1550	1
2649	1550	2
2650	1551	1
2651	1552	1
2652	1553	1
2653	1554	1
2654	1554	2
2655	1554	3
2656	1554	4
2657	1554	5
2658	1554	6
2659	1554	7
2662	1556	1
2664	1558	1
2665	1559	1
2666	1560	1
2670	1563	1
2671	1564	1
2678	1567	1
2679	1568	1
2680	1569	1
2681	1569	2
2682	1570	1
2688	1576	1
2689	1577	1
2691	1579	1
2692	1580	1
2694	1582	1
2699	1587	1
2704	1591	1
2711	1594	1
2714	1596	1
2715	1597	1
2716	1597	2
2717	1597	3
2720	1599	1
2722	1601	1
2723	1601	2
2727	1604	1
2728	1604	2
2729	1605	1
2730	1605	2
2731	1605	3
2732	1605	4
2733	1606	1
2734	1606	2
2735	1606	3
2740	1610	1
2741	1611	1
2742	1611	2
2743	1612	1
2744	1612	2
2745	1612	3
2746	1613	1
2751	1618	1
2753	1620	1
2755	1622	1
2760	1626	1
2761	1626	2
2762	1627	1
2763	1627	2
2767	1629	1
2768	1629	2
2769	1630	1
2770	1631	1
2772	1633	1
2774	1635	1
2787	1637	1
2788	1638	1
2789	1638	2
2790	1639	1
2791	1639	2
2792	1640	1
2793	1641	1
2801	1648	1
2802	1648	2
2806	1650	1
2807	1651	1
2808	1651	2
2809	1651	3
2810	1651	4
2811	1651	5
2812	1651	6
2815	1653	1
2816	1653	2
2817	1654	1
2818	1654	2
2819	1654	3
2820	1655	1
2821	1655	2
2822	1656	1
2829	1661	1
2832	1664	1
2833	1664	2
2835	1666	1
2837	1668	1
2838	1669	1
2839	1669	2
2843	1673	1
2844	1674	1
2845	1674	2
2853	1677	1
2854	1677	2
2857	1679	1
2860	1681	1
2862	1683	1
2863	1684	1
2864	1685	1
2865	1686	1
2866	1687	1
2867	1687	2
2869	1689	1
2870	1690	1
2871	1690	2
2872	1690	3
2873	1690	4
2874	1690	5
2875	1691	1
2876	1691	2
2877	1692	1
2878	1692	2
2879	1692	3
2880	1692	4
2881	1693	1
2882	1693	2
2884	1695	1
2885	1695	2
2896	1701	1
2898	1703	1
2899	1703	2
2900	1704	1
2901	1705	1
2902	1706	1
2903	1707	1
2904	1707	2
2905	1708	1
2908	1711	1
2911	1713	1
2912	1714	1
2913	1714	2
2916	1717	1
2917	1717	2
2918	1717	3
2919	1718	1
2920	1719	1
2921	1719	2
2922	1719	3
2923	1719	4
2924	1719	5
2927	1721	1
2930	1723	1
2931	1724	1
2932	1724	2
2935	1727	1
2936	1728	1
2937	1728	2
2938	1729	1
2939	1730	1
2940	1731	1
2960	1738	1
2961	1738	2
2962	1738	3
2965	1741	1
2966	1741	2
2967	1741	3
2968	1742	1
2969	1743	1
2973	1746	1
2975	1748	1
2978	1751	1
2979	1751	2
2980	1752	1
2981	1752	2
2983	1754	1
2984	1754	2
2985	1754	3
2986	1754	4
2987	1754	5
2989	1756	1
2992	1758	1
2998	1762	1
3011	1769	1
3012	1769	2
3013	1770	1
3014	1771	1
3019	1775	1
3020	1776	1
3021	1777	1
3022	1777	2
3023	1777	3
3024	1777	4
3025	1777	5
3027	1779	1
3033	1782	1
3047	1792	1
3048	1792	2
3049	1792	3
3050	1792	4
3052	1794	1
3053	1795	1
3054	1795	2
3055	1796	1
3056	1797	1
3057	1797	2
3058	1798	1
3059	1799	1
3060	1799	2
3061	1799	3
3062	1800	1
3063	1800	2
3067	1804	1
3068	1805	1
3069	1805	2
3070	1805	3
3071	1805	4
3072	1805	5
3073	1806	1
3074	1806	2
3075	1807	1
3082	1811	1
3089	1816	1
3097	1822	1
3098	1822	2
3099	1823	1
3100	1824	1
3108	1829	1
3109	1829	2
3110	1829	3
3111	1829	4
3112	1830	1
3113	1831	1
3116	1834	1
3117	1835	1
3119	1837	1
3120	1838	1
3124	1842	1
3125	1843	1
3129	1847	1
3130	1847	2
3139	1852	1
3140	1852	2
3147	1856	1
3153	1859	1
3159	1862	1
3160	1863	1
3162	1865	1
3163	1866	1
3164	1867	1
3165	1867	2
3168	1870	1
3178	1877	1
3180	1879	1
3189	1884	1
3190	1885	1
3192	1887	1
3193	1887	2
3194	1887	3
3195	1888	1
3196	1889	1
3204	1892	1
3205	1893	1
3206	1893	2
3207	1893	3
3208	1893	4
3214	1898	1
3215	1898	2
3216	1899	1
3224	1905	1
3225	1906	1
3226	1906	2
3232	1911	1
3233	1912	1
3234	1912	2
3235	1912	3
3236	1913	1
3237	1913	2
3238	1914	1
3239	1914	2
3240	1914	3
3241	1914	4
3242	1914	5
3243	1915	1
3246	1917	1
3247	1917	2
3248	1918	1
3249	1918	2
3251	1920	1
3256	1925	1
3257	1925	2
3262	1930	1
3268	1935	1
3282	1940	1
3283	1941	1
3284	1941	2
3285	1941	3
3286	1942	1
3287	1942	2
3291	1946	1
3292	1947	1
3293	1947	2
3297	1950	1
3298	1951	1
3299	1952	1
3304	1956	1
3305	1956	2
3308	1959	1
3309	1959	2
3328	1971	1
3329	1972	1
3330	1972	2
3335	1976	1
3337	1978	1
3343	1982	1
3359	1991	1
3360	1991	2
3368	1998	1
3369	1999	1
3370	1999	2
3375	2003	1
3376	2003	2
3377	2003	3
3379	2005	1
3392	2013	1
3396	2016	1
3397	2016	2
3398	2016	3
3399	2017	1
3400	2017	2
3401	2017	3
3402	2017	4
3409	2023	1
3414	2026	1
3424	2030	1
3425	2030	2
3426	2030	3
3428	2032	1
3429	2032	2
3430	2032	3
3431	2033	1
3432	2034	1
3433	2034	2
3448	2045	1
3451	2048	1
3452	2048	2
3453	2048	3
3454	2048	4
3457	2051	1
3458	2051	2
3459	2051	3
3465	2056	1
3466	2056	2
3467	2056	3
3468	2056	4
3469	2057	1
3470	2057	2
3471	2058	1
3478	2061	1
3479	2062	1
3482	2064	1
3484	2066	1
3486	2068	1
3487	2068	2
3488	2068	3
3489	2068	4
3493	2072	1
3504	2079	1
3505	2080	1
3506	2081	1
3507	2082	1
3512	2086	1
3514	2088	1
3515	2088	2
3516	2088	3
3517	2089	1
3525	2093	1
3530	2098	1
3533	2101	1
3534	2102	1
3536	2104	1
3538	2106	1
3541	2109	1
3542	2109	2
3547	2112	1
3548	2113	1
3553	2116	1
3558	2119	1
3559	2119	2
3560	2120	1
3561	2120	2
3566	2123	1
3567	2123	2
3568	2124	1
3569	2125	1
3570	2125	2
3571	2125	3
3572	2126	1
3579	2131	1
3580	2131	2
3581	2132	1
3582	2133	1
3585	2136	1
3593	2141	1
3594	2141	2
3595	2141	3
3596	2141	4
3597	2142	1
3602	2146	1
3614	2153	1
3616	2155	1
3617	2156	1
3618	2157	1
3619	2157	2
3620	2157	3
3621	2158	1
3622	2158	2
3631	2165	1
3632	2166	1
3633	2167	1
3640	2173	1
3642	2175	1
3643	2176	1
3651	2184	1
3652	2185	1
3654	2187	1
3655	2187	2
3662	2191	1
3663	2191	2
3669	2196	1
3670	2196	2
3672	2198	1
3681	2204	1
3682	2204	2
3683	2204	3
3684	2204	4
3687	2207	1
3688	2207	2
3690	2209	1
3691	2209	2
3698	2211	1
3699	2211	2
3713	2221	1
3717	2224	1
3718	2225	1
3720	2227	1
3721	2227	2
3722	2227	3
3723	2228	1
3724	2228	2
3725	2228	3
3726	2228	4
3727	2228	5
3728	2228	6
3729	2229	1
3730	2230	1
3733	2232	1
3738	2237	1
3739	2237	2
3744	2242	1
3746	2244	1
3747	2244	2
3748	2244	3
3750	2246	1
3751	2247	1
3765	2256	1
3768	2259	1
3769	2259	2
3770	2259	3
3774	2261	1
3775	2262	1
3776	2262	2
3777	2262	3
3778	2262	4
3782	2265	1
3783	2266	1
3784	2266	2
3785	2266	3
3786	2267	1
3793	2273	1
3794	2274	1
3795	2274	2
3797	2276	1
3811	2284	1
3812	2284	2
3813	2285	1
3821	2290	1
3826	2293	1
3827	2293	2
3828	2293	3
3832	2296	1
3833	2296	2
3834	2296	3
3835	2297	1
3837	2299	1
3838	2300	1
3840	2302	1
3841	2302	2
3853	2314	1
3855	2316	1
3856	2317	1
3861	2322	1
3862	2322	2
3868	2326	1
3869	2326	2
3870	2326	3
3886	2336	1
3889	2339	1
3890	2339	2
3891	2339	3
3905	2346	1
3906	2346	2
3907	2346	3
3910	2348	1
3914	2352	1
3917	2355	1
3918	2355	2
3919	2356	1
3933	2367	1
3934	2367	2
3935	2367	3
3936	2367	4
3948	2376	1
3949	2376	2
3950	2376	3
3951	2377	1
3952	2377	2
3954	2379	1
3955	2379	2
3956	2379	3
3957	2379	4
3961	2382	1
3980	2392	1
3981	2392	2
3982	2393	1
3990	2396	1
3994	2400	1
3995	2400	2
3996	2400	3
4008	2410	1
4009	2410	2
4014	2413	1
4015	2413	2
4016	2413	3
4017	2414	1
4023	2418	1
4027	2422	1
4029	2424	1
4030	2424	2
4031	2424	3
4032	2424	4
4033	2424	5
4050	2432	1
4051	2433	1
4060	2438	1
4064	2442	1
4069	2445	1
4070	2445	2
4071	2445	3
4072	2445	4
4081	2453	1
4082	2453	2
4083	2453	3
4084	2453	4
4085	2453	5
4086	2453	6
4087	2453	7
4088	2453	8
4094	2458	1
4098	2462	1
4101	2464	1
4117	2474	1
4119	2476	1
4124	2480	1
4127	2483	1
4128	2484	1
4129	2484	2
4130	2484	3
4142	2493	1
4143	2493	2
4144	2494	1
4148	2498	1
4151	2500	1
4152	2501	1
4154	2503	1
4163	2509	1
4167	2512	1
4173	2518	1
4174	2518	2
4175	2518	3
4177	2520	1
4178	2521	1
4179	2522	1
4180	2522	2
4181	2522	3
4189	2529	1
4192	2532	1
4193	2532	2
4199	2537	1
4200	2537	2
4205	2541	1
4206	2542	1
4211	2546	1
4212	2546	2
4213	2546	3
4214	2546	4
4215	2546	5
4216	2546	6
4217	2546	7
4218	2546	8
4219	2546	9
4220	2546	10
4221	2546	11
4222	2546	12
4223	2546	13
4224	2546	14
4225	2546	15
4226	2546	16
4227	2546	17
4228	2546	18
4229	2546	19
4230	2546	20
4231	2546	21
4232	2546	22
4233	2546	23
4234	2546	24
4235	2546	25
4236	2546	26
4237	2547	1
4238	2547	2
4241	2550	1
4245	2553	1
4246	2553	2
4255	2558	1
4256	2559	1
4279	2574	1
4281	2576	1
4287	2579	1
4288	2579	2
4290	2581	1
4296	2586	1
4323	2599	1
4332	2605	1
4348	2617	1
4349	2618	1
4351	2620	1
4352	2620	2
4365	2626	1
4366	2626	2
4368	2628	1
4380	2635	1
4381	2635	2
4391	2642	1
4395	2645	1
4398	2647	1
4399	2647	2
4408	2654	1
4414	2659	1
4419	2664	1
4442	2680	1
4453	2685	1
4458	2688	1
4463	2691	1
4468	2694	1
4474	2698	1
4475	2698	2
4476	2698	3
4486	2706	1
4487	2707	1
4499	2713	1
4507	2718	1
4508	2718	2
4513	2722	1
4514	2722	2
4517	2725	1
4518	2725	2
4519	2726	1
4520	2726	2
4521	2726	3
4522	2726	4
4523	2726	5
4526	2729	1
4527	2729	2
4535	2733	1
4544	2740	1
4557	2745	1
4558	2745	2
4559	2746	1
4564	2750	1
4566	2752	1
4567	2753	1
4568	2754	1
4574	2758	1
4575	2758	2
4588	2768	1
4589	2768	2
4593	2772	1
4606	2781	1
4607	2781	2
4634	2795	1
4635	2796	1
4644	2802	1
4647	2805	1
4648	2805	2
4650	2807	1
4666	2817	1
4667	2817	2
4669	2819	1
4677	2826	1
4678	2826	2
4686	2831	1
4687	2831	2
4689	2833	1
4690	2833	2
4691	2834	1
4703	2840	1
4704	2840	2
4705	2840	3
4706	2841	1
4709	2843	1
4710	2844	1
4719	2852	1
4724	2856	1
4725	2857	1
4729	2860	1
4730	2860	2
4733	2862	1
4734	2863	1
4735	2864	1
4736	2864	2
4739	2867	1
4744	2871	1
4748	2874	1
4749	2874	2
4750	2875	1
4756	2880	1
4757	2880	2
4768	2886	1
4769	2887	1
4770	2888	1
4771	2889	1
4772	2890	1
4775	2892	1
4776	2892	2
4798	2904	1
4799	2904	2
4800	2905	1
4803	2907	1
4804	2908	1
4805	2909	1
4820	2918	1
4835	2926	1
4836	2927	1
4837	2927	2
4838	2927	3
4839	2928	1
4840	2929	1
4841	2929	2
4844	2931	1
4848	2935	1
4855	2941	1
4861	2945	1
4862	2946	1
4863	2946	2
4864	2946	3
4866	2948	1
4867	2948	2
4868	2948	3
4872	2950	1
4873	2950	2
4875	2952	1
4881	2957	1
4882	2957	2
4885	2959	1
4886	2959	2
4887	2959	3
4909	2975	1
4910	2975	2
4911	2975	3
4913	2977	1
4914	2977	2
4915	2978	1
4917	2980	1
4918	2980	2
4920	2982	1
4921	2982	2
4922	2983	1
4923	2983	2
4924	2983	3
4925	2983	4
4926	2984	1
4961	3002	1
4962	3002	2
4963	3002	3
4970	3007	1
4975	3012	1
4976	3012	2
4977	3013	1
4978	3014	1
4980	3016	1
4985	3020	1
4986	3020	2
4995	3025	1
4999	3027	1
5003	3030	1
5006	3033	1
5007	3033	2
5008	3033	3
5023	3042	1
5027	3045	1
5028	3046	1
5029	3047	1
5034	3050	1
5035	3051	1
5040	3053	1
5041	3053	2
5042	3053	3
5048	3057	1
5049	3057	2
5052	3060	1
5055	3063	1
5056	3063	2
5062	3069	1
5063	3070	1
5065	3072	1
5077	3080	1
5078	3080	2
5079	3081	1
5081	3083	1
5082	3084	1
5083	3084	2
5084	3085	1
5095	3091	1
5096	3092	1
5097	3092	2
5100	3095	1
5104	3099	1
5105	3099	2
5125	3113	1
5132	3117	1
5133	3118	1
5147	3127	1
5148	3127	2
5149	3128	1
5150	3128	2
5151	3128	3
5173	3144	1
5179	3148	1
5180	3148	2
5181	3148	3
5188	3153	1
5192	3156	1
5193	3156	2
5194	3157	1
5195	3158	1
5215	3170	1
5216	3171	1
5217	3172	1
5218	3172	2
5224	3176	1
5234	3181	1
5239	3185	1
5261	3194	1
5271	3203	1
5272	3203	2
5273	3203	3
5285	3209	1
5289	3212	1
5290	3213	1
5291	3214	1
5292	3214	2
5295	3217	1
5296	3217	2
5297	3217	3
5303	3223	1
5311	3228	1
5312	3229	1
5313	3230	1
5315	3232	1
5320	3236	1
5321	3236	2
5324	3239	1
5325	3239	2
5339	3248	1
5340	3248	2
5341	3248	3
5351	3257	1
5354	3259	1
5367	3269	1
5368	3270	1
5370	3272	1
5375	3276	1
5390	3285	1
5391	3285	2
5396	3289	1
5397	3289	2
5398	3289	3
5408	3297	1
5418	3306	1
5419	3307	1
5420	3307	2
5425	3311	1
5426	3311	2
5427	3311	3
5430	3313	1
5436	3317	1
5440	3320	1
5446	3326	1
5447	3326	2
5448	3326	3
5455	3330	1
5461	3335	1
5478	3346	1
5482	3348	1
5483	3348	2
5506	3358	1
5507	3358	2
5516	3363	1
5541	3377	1
5549	3384	1
5553	3387	1
5558	3392	1
5559	3393	1
5574	3401	1
5579	3405	1
5585	3410	1
5586	3410	2
5587	3410	3
5641	3444	1
5643	3446	1
5654	3452	1
5663	3460	1
5678	3471	1
5680	3473	1
5681	3473	2
5697	3484	1
5724	3502	1
5725	3502	2
5729	3505	1
5736	3510	1
5747	3519	1
5750	3522	1
5799	3554	1
5808	3559	1
5818	3566	1
5819	3566	2
5820	3566	3
5821	3566	4
5824	3569	1
5830	3574	1
5831	3574	2
5839	3577	1
5866	3593	1
5869	3596	1
5873	3600	1
5875	3602	1
5876	3602	2
5877	3602	3
5880	3605	1
5896	3617	1
5903	3624	1
5910	3629	1
5926	3640	1
5945	3650	1
5946	3650	2
5947	3651	1
5976	3670	1
5982	3675	1
5983	3676	1
5987	3680	1
5988	3680	2
5989	3680	3
5990	3680	4
6003	3688	1
6005	3690	1
6012	3695	1
6014	3697	1
6015	3697	2
6036	3712	1
6056	3726	1
6060	3730	1
6061	3730	2
6066	3732	1
6089	3746	1
6114	3761	1
6124	3766	1
6125	3766	2
6126	3766	3
6130	3769	1
6131	3770	1
6132	3770	2
6133	3770	3
6134	3770	4
6147	3781	1
6148	3781	2
6150	3783	1
6173	3801	1
6174	3801	2
6175	3801	3
6180	3804	1
6181	3805	1
6197	3816	1
6198	3816	2
6230	3840	1
6231	3840	2
6246	3853	1
6267	3865	1
6271	3868	1
6272	3868	2
6276	3871	1
6277	3871	2
6283	3874	1
6298	3884	1
6310	3894	1
6311	3894	2
6319	3898	1
6320	3898	2
6334	3905	1
6335	3905	2
6363	3921	1
6364	3921	2
6390	3938	1
6401	3945	1
6408	3950	1
6417	3958	1
6418	3958	2
6431	3968	1
6435	3972	1
6436	3972	2
6437	3973	1
6445	3978	1
6454	3986	1
6455	3986	2
6480	4006	1
6483	4009	1
6487	4012	1
6488	4013	1
6489	4013	2
6491	4015	1
6529	4042	1
6536	4046	1
6537	4047	1
6538	4047	2
6539	4047	3
6543	4049	1
6544	4049	2
6551	4053	1
6552	4053	2
6579	4073	1
6594	4084	1
6595	4084	2
6607	4092	1
6613	4096	1
6615	4098	1
6631	4113	1
6632	4113	2
6634	4115	1
6635	4115	2
6636	4115	3
6654	4127	1
6655	4127	2
6662	4131	1
6670	4137	1
6683	4146	1
6684	4146	2
6685	4146	3
6749	4188	1
6756	4192	1
6760	4195	1
6761	4195	2
6793	4218	1
6809	4227	1
6818	4233	1
6827	4239	1
6828	4239	2
6829	4239	3
6830	4239	4
6831	4239	5
6846	4252	1
6850	4254	1
6851	4254	2
6896	4285	1
6926	4307	1
6927	4308	1
6933	4313	1
6934	4313	2
6936	4315	1
6937	4315	2
6938	4316	1
6939	4317	1
6974	4338	1
6975	4339	1
7008	4362	1
7009	4362	2
7010	4363	1
7030	4376	1
7031	4377	1
7050	4388	1
7067	4397	1
7091	4413	1
7092	4414	1
7093	4414	2
7105	4423	1
7106	4423	2
7121	4433	1
7133	4441	1
7152	4458	1
7153	4458	2
7164	4465	1
7165	4466	1
7173	4471	1
7181	4478	1
7184	4480	1
7185	4480	2
7221	4503	1
7222	4503	2
7244	4514	1
7292	4547	1
7311	4562	1
7315	4566	1
7316	4566	2
7376	4603	1
7404	4622	1
7491	4676	1
7499	4682	1
7555	4714	1
7561	4719	1
7562	4719	2
7614	4748	1
7618	4751	1
7655	4774	1
7661	4780	1
7662	4780	2
7663	4780	3
7664	4781	1
7713	4817	1
7720	4823	1
7721	4823	2
7733	4835	1
7743	4842	1
7744	4842	2
7778	4868	1
7795	4879	1
7855	4918	1
7856	4918	2
7857	4918	3
7861	4921	1
7879	4932	1
7921	4961	1
7925	4965	1
7928	4968	1
7990	5011	1
7991	5011	2
8038	5043	1
8043	5048	1
8049	5054	1
8079	5072	1
8080	5072	2
8159	5123	1
8160	5123	2
8161	5123	3
8162	5123	4
8163	5123	5
8164	5123	6
8173	5131	1
8208	5160	1
8210	5162	1
8224	5172	1
8261	5198	1
8361	5258	1
8387	5281	1
8566	5404	1
8578	5414	1
8657	5468	1
8658	5469	1
8738	5524	1
8785	5555	1
8913	5638	1
8924	5647	1
8966	5677	1
9016	5716	1
9272	5901	1
9273	5901	2
9360	5957	1
9361	5957	2
9362	5957	3
9435	6000	1
9443	6004	1
9503	6046	1
9504	6046	2
9520	6057	1
9521	6057	2
9522	6057	3
9523	6057	4
9592	6112	1
9599	6118	1
9631	6140	1
9632	6140	2
9634	6142	1
9636	6144	1
9662	6161	1
9768	6233	1
9860	6294	1
9934	6349	1
9935	6349	2
10289	6604	1
10371	6664	1
10372	6664	2
10373	6664	3
10421	6704	1
10422	6704	2
10423	6704	3
10434	6713	1
10804	6978	1
10836	7006	1
10917	7064	1
11094	7202	1
11095	7202	2
11185	7266	1
11258	7324	1
11295	7351	1
11399	7422	1
11413	7430	1
11470	7467	1
11542	7517	1
11821	7721	1
11822	7722	1
11842	7740	1
12005	7862	1
12006	7862	2
12472	8204	1
12796	8443	1
12802	8448	1
12803	8448	2
12815	8458	1
12955	8564	1
13073	8647	1
13074	8647	2
13492	8950	1
13493	8950	2
13494	8950	3
15191	10245	1
15192	10246	1
